{
    "parent": "item/generated",
    "textures": {
        "layer0": "item/cod"
    },
    "display": {
        "head": {
            "rotation": [ 0, 90, -60 ],
            "translation": [ -7, -4, -7],
            "scale":[ 0.8, 0.8, 0.8]
        }
    },

    "overrides": [
        { "predicate": {"custom_model_data": 4001}, "model": "item/dorsz"},
        { "predicate": {"custom_model_data": 4003}, "model": "item/fladra"},
        { "predicate": {"custom_model_data": 4006}, "model": "item/karp"},
        { "predicate": {"custom_model_data": 4007}, "model": "item/sum"},
        { "predicate": {"custom_model_data": 4008}, "model": "item/krab"},
        { "predicate": {"custom_model_data": 4011}, "model": "item/welon"},
        { "predicate": {"custom_model_data": 4015}, "model": "item/skalar"},
        { "predicate": {"custom_model_data": 4016}, "model": "item/zlotarybka"},
        { "predicate": {"custom_model_data": 4017}, "model": "item/manta"},
        { "predicate": {"custom_model_data": 4018}, "model": "item/amur"}
      
       ]
}
