{
	"credit": "Made with Blockbench",
	"textures": {
		"0": "item/harrypotterwand",
		"particle": "item/harrypotterwand"
	},
	"elements": [
		{
			"from": [7.875, 9.5, 7.875],
			"to": [8.125, 13, 8.125],
			"faces": {
				"north": {"uv": [0, 0, 0.25, 3.5], "texture": "#0"},
				"east": {"uv": [0, 0, 0.25, 3.5], "texture": "#0"},
				"south": {"uv": [0, 0, 0.25, 3.5], "texture": "#0"},
				"west": {"uv": [0, 0, 0.25, 3.5], "texture": "#0"},
				"up": {"uv": [0, 0, 0.25, 0.25], "texture": "#0"},
				"down": {"uv": [0, 0, 0.25, 0.25], "texture": "#0"}
			}
		},
		{
			"from": [7.5, 0, 7.5],
			"to": [8.5, 0.75, 8.5],
			"faces": {
				"north": {"uv": [0, 0, 1, 0.75], "texture": "#0"},
				"east": {"uv": [0, 0, 1, 0.75], "texture": "#0"},
				"south": {"uv": [0, 0, 1, 0.75], "texture": "#0"},
				"west": {"uv": [0, 0, 1, 0.75], "texture": "#0"},
				"up": {"uv": [0, 0, 1, 1], "texture": "#0"},
				"down": {"uv": [0, 0, 1, 1], "texture": "#0"}
			}
		},
		{
			"from": [7.5625, 1.5, 7.5625],
			"to": [8.4375, 2.25, 8.4375],
			"faces": {
				"north": {"uv": [0, 0, 0.875, 0.75], "texture": "#0"},
				"east": {"uv": [0, 0, 0.875, 0.75], "texture": "#0"},
				"south": {"uv": [0, 0, 0.875, 0.75], "texture": "#0"},
				"west": {"uv": [0, 0, 0.875, 0.75], "texture": "#0"},
				"up": {"uv": [0, 0, 0.875, 0.875], "texture": "#0"},
				"down": {"uv": [0, 0, 0.875, 0.875], "texture": "#0"}
			}
		},
		{
			"from": [7.625, 3.5, 7.625],
			"to": [8.375, 4.25, 8.375],
			"faces": {
				"north": {"uv": [0, 0, 0.75, 0.75], "texture": "#0"},
				"east": {"uv": [0, 0, 0.75, 0.75], "texture": "#0"},
				"south": {"uv": [0, 0, 0.75, 0.75], "texture": "#0"},
				"west": {"uv": [0, 0, 0.75, 0.75], "texture": "#0"},
				"up": {"uv": [0, 0, 0.75, 0.75], "texture": "#0"},
				"down": {"uv": [0, 0, 0.75, 0.75], "texture": "#0"}
			}
		},
		{
			"from": [7.75, 0.75, 7.75],
			"to": [8.25, 1.5, 8.25],
			"faces": {
				"north": {"uv": [0, 0, 0.5, 0.75], "texture": "#0"},
				"east": {"uv": [0, 0, 0.5, 0.75], "texture": "#0"},
				"south": {"uv": [0, 0, 0.5, 0.75], "texture": "#0"},
				"west": {"uv": [0, 0, 0.5, 0.75], "texture": "#0"},
				"up": {"uv": [0, 0, 0.5, 0.5], "texture": "#0"},
				"down": {"uv": [0, 0, 0.5, 0.5], "texture": "#0"}
			}
		},
		{
			"from": [7.75, 2.25, 7.75],
			"to": [8.25, 3.5, 8.25],
			"faces": {
				"north": {"uv": [0, 0, 0.5, 1.25], "texture": "#0"},
				"east": {"uv": [0, 0, 0.5, 1.25], "texture": "#0"},
				"south": {"uv": [0, 0, 0.5, 1.25], "texture": "#0"},
				"west": {"uv": [0, 0, 0.5, 1.25], "texture": "#0"},
				"up": {"uv": [0, 0, 0.5, 0.5], "texture": "#0"},
				"down": {"uv": [0, 0, 0.5, 0.5], "texture": "#0"}
			}
		},
		{
			"from": [7.75, 4.25, 7.75],
			"to": [8.25, 7, 8.25],
			"faces": {
				"north": {"uv": [0, 0, 0.5, 2.75], "texture": "#0"},
				"east": {"uv": [0, 0, 0.5, 2.75], "texture": "#0"},
				"south": {"uv": [0, 0, 0.5, 2.75], "texture": "#0"},
				"west": {"uv": [0, 0, 0.5, 2.75], "texture": "#0"},
				"up": {"uv": [0, 0, 0.5, 0.5], "texture": "#0"},
				"down": {"uv": [0, 0, 0.5, 0.5], "texture": "#0"}
			}
		},
		{
			"from": [7.8125, 7, 7.8125],
			"to": [8.1875, 9.5, 8.1875],
			"faces": {
				"north": {"uv": [0, 0, 0.375, 2.5], "texture": "#0"},
				"east": {"uv": [0, 0, 0.375, 2.5], "texture": "#0"},
				"south": {"uv": [0, 0, 0.375, 2.5], "texture": "#0"},
				"west": {"uv": [0, 0, 0.375, 2.5], "texture": "#0"},
				"up": {"uv": [0, 0, 0.375, 0.375], "texture": "#0"},
				"down": {"uv": [0, 0, 0.375, 0.375], "texture": "#0"}
			}
		}
	],
	"display": {
		"thirdperson_righthand": {
			"rotation": [-56, 0, 0],
			"translation": [0, 3.5, -6.75],
			"scale": [1.5, 1.5, 1.5]
		},
		"thirdperson_lefthand": {
			"rotation": [-56, 0, 0],
			"translation": [0, 2.5, -4.25],
			"scale": [0.75195, 0.75195, 0.75195]
		},
		"firstperson_righthand": {
			"rotation": [-56, 0, 0],
			"translation": [0, 2.5, -4.25],
			"scale": [0.75195, 0.75195, 0.75195]
		},
		"firstperson_lefthand": {
			"rotation": [-56, 0, 0],
			"translation": [0, 2.5, -4.25],
			"scale": [0.75195, 0.75195, 0.75195]
		},
		"ground": {
			"translation": [0, 5.25, 0]
		},
		"gui": {
			"rotation": [0, 0, -48],
			"translation": [1, 1.25, 0],
			"scale": [1.4, 1.4, 1.4]
		},
		"fixed": {
			"rotation": [-1, 0, 46],
			"translation": [-1.25, 1.25, 0],
			"scale": [1.4, 1.4, 1.4]
		}
	}
}