{
    "parent": "item/generated",
    "textures": {
        "layer0": "item/leather_helmet",
        "layer1": "item/leather_helmet_overlay"
    },

    "overrides": [
      { "predicate": {"custom_model_data": 2014}, "model": "item/rycerz_helmet"},
      { "predicate": {"custom_model_data": 2039}, "model": "item/farmer_helmet"},
      { "predicate": {"custom_model_data": 2016}, "model": "item/wither_helmet"},
      { "predicate": {"custom_model_data": 2040}, "model": "item/najman_helmet"},
      { "predicate": {"custom_model_data": 2041}, "model": "item/emerald_helmet"},
      { "predicate": {"custom_model_data": 2042}, "model": "item/villager_helmet"},
      { "predicate": {"custom_model_data": 2043}, "model": "item/redstone_helmet"},
      { "predicate": {"custom_model_data": 2044}, "model": "item/rudy_helmet"},
      { "predicate": {"custom_model_data": 2057}, "model": "item/kubus_helmet"},
      { "predicate": {"custom_model_data": 2061}, "model": "item/menel_helmet"},
      { "predicate": {"custom_model_data": 2065}, "model": "item/ninja_helmet"},
      { "predicate": {"custom_model_data": 2069}, "model": "item/ponczek_helmet"},
      { "predicate": {"custom_model_data": 2073}, "model": "item/bread_helmet"},
      { "predicate": {"custom_model_data": 2077}, "model": "item/mag_helmet"},
      { "predicate": {"custom_model_data": 2084}, "model": "item/platyna_helmet"}
    
     ]
}
