{
  "parent": "minecraft:item/generated",
  "textures": {
    "layer0": "minecraft:item/salmon"
  },

  "overrides": [
    { "predicate": {"custom_model_data": 4000}, "model": "item/losos"},
    { "predicate": {"custom_model_data": 4002}, "model": "item/sledz"},
    { "predicate": {"custom_model_data": 4004}, "model": "item/makrela"},
    { "predicate": {"custom_model_data": 4005}, "model": "item/tunczyk"},
    { "predicate": {"custom_model_data": 4009}, "model": "item/miecznik"},
    { "predicate": {"custom_model_data": 4012}, "model": "item/krewetka"}
  
   ]
}