{
	"credit": "Made with Blockbench",
	"textures": {
		"0": "item/gauntlet",
		"1": "item/red",
		"2": "item/orange",
		"3": "item/blue",
		"4": "item/purple",
		"5": "item/green",
		"6": "item/yellow",
		"particle": "item/gauntlet"
	},
	"elements": [
		{
			"from": [6, 0, 6],
			"to": [10, 4, 10],
			"rotation": {"angle": 0, "axis": "y", "origin": [16, 0, 0]},
			"faces": {
				"north": {"uv": [14, 1, 7, 9], "texture": "#0"},
				"east": {"uv": [14, 1, 7, 9], "texture": "#0"},
				"south": {"uv": [14, 1, 7, 9], "texture": "#0"},
				"west": {"uv": [14, 1, 7, 9], "texture": "#0"},
				"up": {"uv": [11, 1, 7, 5], "texture": "#0"},
				"down": {"uv": [11, 1, 7, 5], "texture": "#0"}
			}
		},
		{
			"from": [9.125, 4.0625, 5.9375],
			"to": [10, 5.5, 6.7625],
			"rotation": {"angle": 0, "axis": "x", "origin": [9.53125, 4, 6.88125]},
			"faces": {
				"north": {"uv": [11, 3, 8, 9], "texture": "#0"},
				"east": {"uv": [11, 3, 8, 9], "texture": "#0"},
				"south": {"uv": [11, 3, 8, 9], "texture": "#0"},
				"west": {"uv": [11, 3, 8, 9], "texture": "#0"},
				"up": {"uv": [8.875, 3, 8, 3.825], "texture": "#0"},
				"down": {"uv": [8.875, 3, 8, 3.825], "texture": "#0"}
			}
		},
		{
			"from": [8, 4.0625, 5.9375],
			"to": [9, 5.5, 6.825],
			"rotation": {"angle": 0, "axis": "x", "origin": [8.5, 4, 6.88125]},
			"faces": {
				"north": {"uv": [11, 3, 8, 9], "texture": "#0"},
				"east": {"uv": [11, 3, 8, 9], "texture": "#0"},
				"south": {"uv": [11, 3, 8, 9], "texture": "#0"},
				"west": {"uv": [11, 3, 8, 9], "texture": "#0"},
				"up": {"uv": [9, 3, 8, 3.8875], "texture": "#0"},
				"down": {"uv": [9, 3, 8, 3.8875], "texture": "#0"}
			}
		},
		{
			"from": [5.9375, 4.0625, 5.9375],
			"to": [6.875, 5.5, 6.825],
			"rotation": {"angle": 0, "axis": "y", "origin": [16, 0, 0]},
			"faces": {
				"north": {"uv": [11, 4, 8, 9], "texture": "#0"},
				"east": {"uv": [11, 4, 8, 9], "texture": "#0"},
				"south": {"uv": [11, 4, 8, 9], "texture": "#0"},
				"west": {"uv": [11, 4, 8, 9], "texture": "#0"},
				"up": {"uv": [8.9375, 4, 8, 4.8875], "texture": "#0"},
				"down": {"uv": [8.9375, 4, 8, 4.8875], "texture": "#0"}
			}
		},
		{
			"from": [6.9375, 4.0625, 5.9375],
			"to": [7.9375, 5.5, 6.825],
			"rotation": {"angle": 0, "axis": "x", "origin": [7.4375, 4, 6.88125]},
			"faces": {
				"north": {"uv": [11, 3, 8, 9], "texture": "#0"},
				"east": {"uv": [11, 3, 8, 9], "texture": "#0"},
				"south": {"uv": [11, 3, 8, 9], "texture": "#0"},
				"west": {"uv": [11, 3, 8, 9], "texture": "#0"},
				"up": {"uv": [9, 3, 8, 3.8875], "texture": "#0"},
				"down": {"uv": [9, 3, 8, 3.8875], "texture": "#0"}
			}
		},
		{
			"from": [6, 5.3125, 6.0625],
			"to": [6.8125, 7.0625, 6.8875],
			"rotation": {"angle": 22.5, "axis": "x", "origin": [6.375, 5.625, 6.38125]},
			"faces": {
				"north": {"uv": [11, 4, 8, 9], "texture": "#0"},
				"east": {"uv": [11, 4, 8, 9], "texture": "#0"},
				"south": {"uv": [11, 4, 8, 9], "texture": "#0"},
				"west": {"uv": [11, 4, 8, 9], "texture": "#0"},
				"up": {"uv": [8.8125, 4, 8, 4.825], "texture": "#0"},
				"down": {"uv": [8.8125, 4, 8, 4.825], "texture": "#0"}
			}
		},
		{
			"from": [7.0625, 5.3125, 6.0625],
			"to": [7.875, 7.3125, 6.8875],
			"rotation": {"angle": 22.5, "axis": "x", "origin": [6.375, 5.625, 6.38125]},
			"faces": {
				"north": {"uv": [11, 3, 8, 10], "texture": "#0"},
				"east": {"uv": [11, 3, 8, 10], "texture": "#0"},
				"south": {"uv": [11, 3, 8, 10], "texture": "#0"},
				"west": {"uv": [11, 3, 8, 10], "texture": "#0"},
				"up": {"uv": [8.8125, 3, 8, 3.825], "texture": "#0"},
				"down": {"uv": [8.8125, 3, 8, 3.825], "texture": "#0"}
			}
		},
		{
			"from": [8.1, 5.3125, 6.0625],
			"to": [8.9125, 7.0625, 6.8875],
			"rotation": {"angle": 22.5, "axis": "x", "origin": [6.375, 5.625, 6.38125]},
			"faces": {
				"north": {"uv": [11, 4, 8, 9], "texture": "#0"},
				"east": {"uv": [11, 4, 8, 9], "texture": "#0"},
				"south": {"uv": [11, 4, 8, 9], "texture": "#0"},
				"west": {"uv": [11, 4, 8, 9], "texture": "#0"},
				"up": {"uv": [8.8125, 4, 8, 4.825], "texture": "#0"},
				"down": {"uv": [8.8125, 4, 8, 4.825], "texture": "#0"}
			}
		},
		{
			"from": [9.225, 5.3125, 6.0625],
			"to": [9.9125, 6.5625, 6.7625],
			"rotation": {"angle": 22.5, "axis": "x", "origin": [6.375, 5.625, 6.38125]},
			"faces": {
				"north": {"uv": [11, 3, 8, 8], "texture": "#0"},
				"east": {"uv": [11, 3, 8, 8], "texture": "#0"},
				"south": {"uv": [11, 3, 8, 8], "texture": "#0"},
				"west": {"uv": [11, 3, 8, 8], "texture": "#0"},
				"up": {"uv": [8.6875, 3, 8, 3.7], "texture": "#0"},
				"down": {"uv": [8.6875, 3, 8, 3.7], "texture": "#0"}
			}
		},
		{
			"from": [5.875, 3, 8.9375],
			"to": [7.125, 4.125, 10.075],
			"rotation": {"angle": 0, "axis": "y", "origin": [16, 0, 0]},
			"faces": {
				"north": {"uv": [11, 3, 7, 7], "texture": "#0"},
				"east": {"uv": [11, 3, 7, 7], "texture": "#0"},
				"south": {"uv": [11, 3, 7, 7], "texture": "#0"},
				"west": {"uv": [11, 3, 7, 7], "texture": "#0"},
				"up": {"uv": [8.25, 3, 7, 4.1375], "texture": "#0"},
				"down": {"uv": [8.25, 3, 7, 4.1375], "texture": "#0"}
			}
		},
		{
			"from": [5.9375, 4.125, 9.0625],
			"to": [6.875, 5.75, 9.95],
			"rotation": {"angle": -22.5, "axis": "z", "origin": [5.90625, 4.1875, 9.50625]},
			"faces": {
				"north": {"uv": [11, 3, 7, 9], "texture": "#0"},
				"east": {"uv": [11, 3, 7, 9], "texture": "#0"},
				"south": {"uv": [11, 3, 7, 9], "texture": "#0"},
				"west": {"uv": [11, 3, 7, 9], "texture": "#0"},
				"up": {"uv": [7.9375, 3, 7, 3.8875], "texture": "#0"},
				"down": {"uv": [7.9375, 3, 7, 3.8875], "texture": "#0"}
			}
		},
		{
			"from": [5.9375, 2, 5.9375],
			"to": [10.0625, 4.0625, 6.825],
			"rotation": {"angle": 0, "axis": "y", "origin": [16, 0, 0]},
			"faces": {
				"north": {"uv": [7.125, 5, 3, 7.0625], "texture": "#0"},
				"east": {"uv": [11, 5, 3, 9], "texture": "#0"},
				"south": {"uv": [7.125, 5, 3, 7.0625], "texture": "#0"},
				"west": {"uv": [11, 5, 3, 9], "texture": "#0"},
				"up": {"uv": [7.125, 5, 3, 5.8875], "texture": "#0"},
				"down": {"uv": [7.125, 5, 3, 5.8875], "texture": "#0"}
			}
		},
		{
			"from": [6.1875, 3, 5.8125],
			"to": [9.8125, 4.0625, 5.95],
			"rotation": {"angle": 0, "axis": "y", "origin": [16, 0, 0]},
			"faces": {
				"north": {"uv": [5.625, 1, 2, 2.0625], "texture": "#0"},
				"east": {"uv": [11, 1, 2, 4], "texture": "#0"},
				"south": {"uv": [5.625, 1, 2, 2.0625], "texture": "#0"},
				"west": {"uv": [11, 1, 2, 4], "texture": "#0"},
				"up": {"uv": [5.625, 1, 2, 1.1375], "texture": "#0"},
				"down": {"uv": [5.625, 1, 2, 1.1375], "texture": "#0"}
			}
		},
		{
			"from": [6.4375, 2.1375, 5.8125],
			"to": [9.5625, 3.0125, 5.95],
			"shade": false,
			"rotation": {"angle": 0, "axis": "y", "origin": [16, 0, 0]},
			"faces": {
				"north": {"uv": [3, 8, 6.125, 8.875], "texture": "#0"},
				"east": {"uv": [3, 8, 12, 12], "texture": "#0"},
				"south": {"uv": [3, 8, 6.125, 8.875], "texture": "#0"},
				"west": {"uv": [3, 8, 12, 12], "texture": "#0"},
				"up": {"uv": [3, 8, 6.125, 8.1375], "texture": "#0"},
				"down": {"uv": [3, 8, 6.125, 8.1375], "texture": "#0"}
			}
		},
		{
			"from": [8.6875, 1.7625, 5.8125],
			"to": [9.5625, 2.1375, 6.0125],
			"rotation": {"angle": 0, "axis": "y", "origin": [16, 0, 0]},
			"faces": {
				"north": {"uv": [9.875, 8, 9, 8.375], "texture": "#0"},
				"east": {"uv": [11, 8, 9, 9], "texture": "#0"},
				"south": {"uv": [9.875, 8, 9, 8.375], "texture": "#0"},
				"west": {"uv": [11, 8, 9, 9], "texture": "#0"},
				"up": {"uv": [9.875, 8, 9, 8.2], "texture": "#0"},
				"down": {"uv": [9.875, 8, 9, 8.2], "texture": "#0"}
			}
		},
		{
			"from": [6.6875, 1.7625, 5.8125],
			"to": [7.5625, 2.1375, 6.0125],
			"rotation": {"angle": 0, "axis": "y", "origin": [16, 0, 0]},
			"faces": {
				"north": {"uv": [9.875, 7, 9, 7.375], "texture": "#0"},
				"east": {"uv": [11, 7, 9, 8], "texture": "#0"},
				"south": {"uv": [9.875, 7, 9, 7.375], "texture": "#0"},
				"west": {"uv": [11, 7, 9, 8], "texture": "#0"},
				"up": {"uv": [9.875, 7, 9, 7.2], "texture": "#0"},
				"down": {"uv": [9.875, 7, 9, 7.2], "texture": "#0"}
			}
		},
		{
			"from": [5.7875, 3.425, 9.0875],
			"to": [5.9125, 4.125, 9.95],
			"rotation": {"angle": 0, "axis": "y", "origin": [16, 0, 0]},
			"faces": {
				"north": {"uv": [7.125, 2, 7, 2.7], "texture": "#0"},
				"east": {"uv": [11, 2, 7, 6], "texture": "#0"},
				"south": {"uv": [7.125, 2, 7, 2.7], "texture": "#0"},
				"west": {"uv": [11, 2, 7, 6], "texture": "#0"},
				"up": {"uv": [7.125, 2, 7, 2.8625], "texture": "#0"},
				"down": {"uv": [7.125, 2, 7, 2.8625], "texture": "#0"}
			}
		},
		{
			"from": [5.7875, 3.075, 9.3375],
			"to": [5.9125, 3.425, 9.7],
			"rotation": {"angle": 0, "axis": "y", "origin": [16, 0, 0]},
			"faces": {
				"north": {"uv": [3.125, 1, 3, 1.35], "texture": "#0"},
				"east": {"uv": [4, 1, 3, 2], "texture": "#0"},
				"south": {"uv": [3.125, 1, 3, 1.35], "texture": "#0"},
				"west": {"uv": [4, 1, 3, 2], "texture": "#0"},
				"up": {"uv": [3.125, 1, 3, 1.3625], "texture": "#0"},
				"down": {"uv": [3.125, 1, 3, 1.3625], "texture": "#0"}
			}
		},
		{
			"from": [7.75, 2.5, 5.5625],
			"to": [8.5, 3.25, 5.8125],
			"rotation": {"angle": 0, "axis": "y", "origin": [16, 0, 0]},
			"faces": {
				"north": {"uv": [0.75, 0.25, 0, 1], "texture": "#6"},
				"east": {"uv": [0.75, 0.25, 0, 1], "texture": "#6"},
				"south": {"uv": [0.75, 0.25, 0, 1], "texture": "#6"},
				"west": {"uv": [0.75, 0.25, 0, 1], "texture": "#6"},
				"up": {"uv": [0.75, 0.25, 0, 1], "texture": "#6"},
				"down": {"uv": [0.75, 0.25, 0, 1], "texture": "#6"}
			}
		},
		{
			"from": [7.5, 3.425, 5.5625],
			"to": [8, 3.925, 5.8125],
			"rotation": {"angle": 0, "axis": "y", "origin": [16, 0, 0]},
			"faces": {
				"north": {"uv": [0.5, 0.25, 0, 0.5], "texture": "#1"},
				"east": {"uv": [0.5, 0.25, 0, 0.5], "texture": "#1"},
				"south": {"uv": [0.5, 0.25, 0, 0.5], "texture": "#1"},
				"west": {"uv": [0.5, 0.25, 0, 0.5], "texture": "#1"},
				"up": {"uv": [0.5, 0.25, 0, 0.5], "texture": "#1"},
				"down": {"uv": [0.5, 0.25, 0, 0.5], "texture": "#1"}
			}
		},
		{
			"from": [8.25, 3.425, 5.5625],
			"to": [8.75, 3.925, 5.8125],
			"rotation": {"angle": 0, "axis": "y", "origin": [16, 0, 0]},
			"faces": {
				"north": {"uv": [0.5, 0.25, 0, 0.5], "texture": "#3"},
				"east": {"uv": [0.5, 0.25, 0, 0.5], "texture": "#3"},
				"south": {"uv": [0.5, 0.25, 0, 0.5], "texture": "#3"},
				"west": {"uv": [0.5, 0.25, 0, 0.5], "texture": "#3"},
				"up": {"uv": [0.5, 0.25, 0, 0.5], "texture": "#3"},
				"down": {"uv": [0.5, 0.25, 0, 0.5], "texture": "#3"}
			}
		},
		{
			"from": [9, 3.425, 5.5625],
			"to": [9.5, 3.925, 5.8125],
			"rotation": {"angle": 0, "axis": "y", "origin": [16, 0, 0]},
			"faces": {
				"north": {"uv": [0.5, 0.25, 0, 0.5], "texture": "#4"},
				"east": {"uv": [0.5, 0.25, 0, 0.5], "texture": "#4"},
				"south": {"uv": [0.5, 0.25, 0, 0.5], "texture": "#4"},
				"west": {"uv": [0.5, 0.25, 0, 0.5], "texture": "#4"},
				"up": {"uv": [0.5, 0.25, 0, 0.5], "texture": "#4"},
				"down": {"uv": [0.5, 0.25, 0, 0.5], "texture": "#4"}
			}
		},
		{
			"from": [6.75, 3.425, 5.5625],
			"to": [7.25, 3.925, 5.8125],
			"rotation": {"angle": 0, "axis": "y", "origin": [16, 0, 0]},
			"faces": {
				"north": {"uv": [0.5, 0.25, 0, 0.75], "texture": "#2"},
				"east": {"uv": [0.5, 0.25, 0, 0.75], "texture": "#2"},
				"south": {"uv": [0.5, 0.25, 0, 0.75], "texture": "#2"},
				"west": {"uv": [0.5, 0.25, 0, 0.75], "texture": "#2"},
				"up": {"uv": [0.5, 0.25, 0, 0.75], "texture": "#2"},
				"down": {"uv": [0.5, 0.25, 0, 0.75], "texture": "#2"}
			}
		},
		{
			"from": [5.5625, 3.4875, 9.25],
			"to": [5.8125, 3.9875, 9.75],
			"rotation": {"angle": 0, "axis": "y", "origin": [5.5, 3.675, 9.6875]},
			"faces": {
				"north": {"uv": [0.5, 0.25, 0, 0.75], "texture": "#5"},
				"east": {"uv": [0.5, 0.25, 0, 0.75], "texture": "#5"},
				"south": {"uv": [0.5, 0.25, 0, 0.75], "texture": "#5"},
				"west": {"uv": [0.5, 0.25, 0, 0.75], "texture": "#5"},
				"up": {"uv": [0.5, 0.25, 0, 0.75], "texture": "#5"},
				"down": {"uv": [0.5, 0.25, 0, 0.75], "texture": "#5"}
			}
		}
	],
	"display": {
		"thirdperson_righthand": {
			"rotation": [-89, -91, 0],
			"translation": [0, -2, -6],
			"scale": [1.26, 1.15, 1.26]
		},
		"thirdperson_lefthand": {
			"rotation": [-89, -91, 0],
			"translation": [0, -2, -6],
			"scale": [1.26, 1.15, 1.26]
		},
		"firstperson_righthand": {
			"rotation": [-53, -175, -9],
			"translation": [-0.75, 6.5, -2]
		},
		"firstperson_lefthand": {
			"rotation": [-53, -172, -9],
			"translation": [-0.75, 6.5, -2]
		},
		"ground": {
			"translation": [0, 4.25, 0]
		},
		"gui": {
			"rotation": [0, -152, 0],
			"translation": [0, 7.25, 0],
			"scale": [1.63, 1.63, 1.63]
		},
		"fixed": {
			"rotation": [-90, -90, 0],
			"translation": [0, 0.75, -13],
			"scale": [1.83, 1.83, 1.83]
		}
	},
	"groups": [
		{
			"name": "rekawica",
			"origin": [0, 0, 0],
			"children": [0, 1, 2, 3, 4, 5, 6, 7, 8, 9, 10, 11, 12, 13, 14, 15, 16, 17]
		},
		{
			"name": "krysztaly",
			"origin": [0, 0, 0],
			"children": [18, 19, 20, 21, 22, 23]
		}
	]
}