{
	"credit": "Made with Blockbench",
	"textures": {
		"0": "block/lily",
		"1": "block/lily_flower",
		"particle": "block/lily"
	},
	"elements": [
		{
			"name": "middle",
			"from": [9.5, 0, 4],
			"to": [13.5, 0.5, 6],
			"faces": {
				"north": {"uv": [0, 0, 4, 0.5], "texture": "#0"},
				"east": {"uv": [0, 0, 2, 0.5], "texture": "#0"},
				"south": {"uv": [0, 0, 4, 0.5], "texture": "#0"},
				"west": {"uv": [0, 0, 2, 0.5], "texture": "#0"},
				"up": {"uv": [10, 4, 14, 6], "texture": "#0"},
				"down": {"uv": [3, 4, 7, 6], "rotation": 180, "texture": "#0"}
			}
		},
		{
			"name": "middle",
			"from": [10.5, 0, 2],
			"to": [12.5, 0.5, 4],
			"faces": {
				"north": {"uv": [0, 0, 2, 0.5], "texture": "#0"},
				"east": {"uv": [0, 0, 2, 0.5], "texture": "#0"},
				"south": {"uv": [0, 0, 2, 0.5], "texture": "#0"},
				"west": {"uv": [0, 0, 2, 0.5], "texture": "#0"},
				"up": {"uv": [11, 2, 13, 4], "texture": "#0"},
				"down": {"uv": [4, 2, 6, 4], "rotation": 180, "texture": "#0"}
			}
		},
		{
			"name": "middle",
			"from": [2.5, 0, 4],
			"to": [6.5, 0.5, 6],
			"faces": {
				"north": {"uv": [0, 0, 4, 0.5], "texture": "#0"},
				"east": {"uv": [0, 0, 2, 0.5], "texture": "#0"},
				"south": {"uv": [0, 0, 4, 0.5], "texture": "#0"},
				"west": {"uv": [0, 0, 2, 0.5], "texture": "#0"},
				"up": {"uv": [3, 4, 7, 6], "texture": "#0"},
				"down": {"uv": [10, 4, 14, 6], "rotation": 180, "texture": "#0"}
			}
		},
		{
			"name": "middle",
			"from": [5.5, 0, 3],
			"to": [6.5, 0.5, 4],
			"faces": {
				"north": {"uv": [0, 0, 1, 0.5], "texture": "#0"},
				"east": {"uv": [0, 0, 1, 0.5], "texture": "#0"},
				"south": {"uv": [0, 0, 1, 0.5], "texture": "#0"},
				"west": {"uv": [0, 0, 1, 0.5], "texture": "#0"},
				"up": {"uv": [6, 3, 7, 4], "texture": "#0"},
				"down": {"uv": [10, 3, 11, 4], "texture": "#0"}
			}
		},
		{
			"name": "middle",
			"from": [3.5, 0, 2],
			"to": [5.5, 0.5, 4],
			"faces": {
				"north": {"uv": [0, 0, 2, 0.5], "texture": "#0"},
				"east": {"uv": [0, 0, 2, 0.5], "texture": "#0"},
				"south": {"uv": [0, 0, 2, 0.5], "texture": "#0"},
				"west": {"uv": [0, 0, 2, 0.5], "texture": "#0"},
				"up": {"uv": [4, 2, 6, 4], "texture": "#0"},
				"down": {"uv": [11, 2, 13, 4], "rotation": 180, "texture": "#0"}
			}
		},
		{
			"name": "middle",
			"from": [2.5, 0, 6],
			"to": [13.5, 0.5, 11],
			"faces": {
				"north": {"uv": [0, 0, 11, 0.5], "texture": "#0"},
				"east": {"uv": [0, 0, 5, 0.5], "texture": "#0"},
				"south": {"uv": [0, 0, 11, 0.5], "texture": "#0"},
				"west": {"uv": [0, 0, 5, 0.5], "texture": "#0"},
				"up": {"uv": [3, 6, 14, 11], "texture": "#0"},
				"down": {"uv": [3, 6, 14, 11], "rotation": 180, "texture": "#0"}
			}
		},
		{
			"name": "middle",
			"from": [6.5, 0, 5],
			"to": [7.5, 0.5, 6],
			"faces": {
				"north": {"uv": [0, 0, 1, 0.5], "texture": "#0"},
				"east": {"uv": [0, 0, 1, 0.5], "texture": "#0"},
				"south": {"uv": [0, 0, 1, 0.5], "texture": "#0"},
				"west": {"uv": [0, 0, 1, 0.5], "texture": "#0"},
				"up": {"uv": [7, 6, 8, 7], "texture": "#0"},
				"down": {"uv": [7, 5, 8, 6], "texture": "#0"}
			}
		},
		{
			"name": "middle",
			"from": [8.5, 0, 5],
			"to": [9.5, 0.5, 6],
			"faces": {
				"north": {"uv": [0, 0, 1, 0.5], "texture": "#0"},
				"east": {"uv": [0, 0, 1, 0.5], "texture": "#0"},
				"south": {"uv": [0, 0, 1, 0.5], "texture": "#0"},
				"west": {"uv": [0, 0, 1, 0.5], "texture": "#0"},
				"up": {"uv": [9, 5, 10, 6], "texture": "#0"},
				"down": {"uv": [9, 5, 10, 6], "texture": "#0"}
			}
		},
		{
			"name": "middle",
			"from": [9.5, 0, 3],
			"to": [10.5, 0.5, 4],
			"faces": {
				"north": {"uv": [0, 0, 1, 0.5], "texture": "#0"},
				"east": {"uv": [0, 0, 1, 0.5], "texture": "#0"},
				"south": {"uv": [0, 0, 1, 0.5], "texture": "#0"},
				"west": {"uv": [0, 0, 1, 0.5], "texture": "#0"},
				"up": {"uv": [10, 3, 11, 4], "texture": "#0"},
				"down": {"uv": [6, 3, 7, 4], "texture": "#0"}
			}
		},
		{
			"name": "middle",
			"from": [3.5, 0, 11],
			"to": [12.5, 0.5, 13],
			"faces": {
				"north": {"uv": [0, 0, 9, 0.5], "texture": "#0"},
				"east": {"uv": [0, 0, 2, 0.5], "texture": "#0"},
				"south": {"uv": [0, 0, 9, 0.5], "texture": "#0"},
				"west": {"uv": [0, 0, 2, 0.5], "texture": "#0"},
				"up": {"uv": [4, 11, 13, 13], "texture": "#0"},
				"down": {"uv": [4, 11, 13, 13], "rotation": 180, "texture": "#0"}
			}
		},
		{
			"name": "middle",
			"from": [5.5, 0, 13],
			"to": [10.5, 0.5, 14],
			"faces": {
				"north": {"uv": [0, 0, 5, 0.5], "texture": "#0"},
				"east": {"uv": [0, 0, 1, 0.5], "texture": "#0"},
				"south": {"uv": [0, 0, 5, 0.5], "texture": "#0"},
				"west": {"uv": [0, 0, 1, 0.5], "texture": "#0"},
				"up": {"uv": [6, 13, 11, 14], "texture": "#0"},
				"down": {"uv": [6, 13, 11, 14], "rotation": 180, "texture": "#0"}
			}
		},
		{
			"name": "flower",
			"from": [7.5, 1, 7],
			"to": [8.5, 2, 8],
			"faces": {
				"north": {"uv": [13, 15, 14, 16], "texture": "#1"},
				"east": {"uv": [13, 15, 14, 16], "texture": "#1"},
				"south": {"uv": [13, 15, 14, 16], "texture": "#1"},
				"west": {"uv": [13, 15, 14, 16], "texture": "#1"},
				"up": {"uv": [13, 15, 14, 16], "texture": "#1"},
				"down": {"uv": [13, 15, 14, 16], "texture": "#1"}
			}
		},
		{
			"name": "flower",
			"from": [7.5, 0.5, 10],
			"to": [8.5, 1.5, 11],
			"faces": {
				"north": {"uv": [0, 0, 1, 1], "texture": "#1"},
				"east": {"uv": [0, 0, 1, 1], "texture": "#1"},
				"south": {"uv": [0, 0, 1, 1], "texture": "#1"},
				"west": {"uv": [0, 0, 1, 1], "texture": "#1"},
				"up": {"uv": [14, 15, 15, 16], "texture": "#1"},
				"down": {"uv": [0, 0, 1, 1], "texture": "#1"}
			}
		},
		{
			"name": "flower",
			"from": [7.5, 0.5, 8],
			"to": [8.5, 1.5, 9],
			"faces": {
				"north": {"uv": [0, 0, 1, 1], "texture": "#1"},
				"east": {"uv": [0, 0, 1, 1], "texture": "#1"},
				"south": {"uv": [0, 0, 1, 1], "texture": "#1"},
				"west": {"uv": [0, 0, 1, 1], "texture": "#1"},
				"up": {"uv": [14, 15, 15, 16], "texture": "#1"},
				"down": {"uv": [0, 0, 1, 1], "texture": "#1"}
			}
		},
		{
			"name": "flower",
			"from": [6.5, 0.5, 9],
			"to": [7.5, 1.5, 10],
			"faces": {
				"north": {"uv": [0, 0, 1, 1], "texture": "#1"},
				"east": {"uv": [0, 0, 1, 1], "texture": "#1"},
				"south": {"uv": [0, 0, 1, 1], "texture": "#1"},
				"west": {"uv": [0, 0, 1, 1], "texture": "#1"},
				"up": {"uv": [14, 15, 15, 16], "texture": "#1"},
				"down": {"uv": [0, 0, 1, 1], "texture": "#1"}
			}
		},
		{
			"name": "flower",
			"from": [8.5, 0.5, 9],
			"to": [9.5, 1.5, 10],
			"faces": {
				"north": {"uv": [0, 0, 1, 1], "texture": "#1"},
				"east": {"uv": [0, 0, 1, 1], "texture": "#1"},
				"south": {"uv": [0, 0, 1, 1], "texture": "#1"},
				"west": {"uv": [0, 0, 1, 1], "texture": "#1"},
				"up": {"uv": [14, 15, 15, 16], "texture": "#1"},
				"down": {"uv": [0, 0, 1, 1], "texture": "#1"}
			}
		},
		{
			"name": "flower",
			"from": [8.5, 1, 10],
			"to": [9.5, 2, 11],
			"faces": {
				"north": {"uv": [13, 15, 14, 16], "texture": "#1"},
				"east": {"uv": [13, 15, 14, 16], "texture": "#1"},
				"south": {"uv": [13, 15, 14, 16], "texture": "#1"},
				"west": {"uv": [13, 15, 14, 16], "texture": "#1"},
				"up": {"uv": [13, 15, 14, 16], "texture": "#1"},
				"down": {"uv": [13, 15, 14, 16], "texture": "#1"}
			}
		},
		{
			"name": "flower",
			"from": [6.5, 1, 10],
			"to": [7.5, 2, 11],
			"faces": {
				"north": {"uv": [13, 15, 14, 16], "texture": "#1"},
				"east": {"uv": [13, 15, 14, 16], "texture": "#1"},
				"south": {"uv": [13, 15, 14, 16], "texture": "#1"},
				"west": {"uv": [13, 15, 14, 16], "texture": "#1"},
				"up": {"uv": [13, 15, 14, 16], "texture": "#1"},
				"down": {"uv": [13, 15, 14, 16], "texture": "#1"}
			}
		},
		{
			"name": "flower",
			"from": [6.5, 1, 11],
			"to": [7.5, 2, 12],
			"faces": {
				"north": {"uv": [13, 15, 14, 16], "texture": "#1"},
				"east": {"uv": [13, 15, 14, 16], "texture": "#1"},
				"south": {"uv": [13, 15, 14, 16], "texture": "#1"},
				"west": {"uv": [13, 15, 14, 16], "texture": "#1"},
				"up": {"uv": [13, 15, 14, 16], "texture": "#1"},
				"down": {"uv": [13, 15, 14, 16], "texture": "#1"}
			}
		},
		{
			"name": "flower",
			"from": [6.5, 1, 8],
			"to": [7.5, 2, 9],
			"faces": {
				"north": {"uv": [13, 15, 14, 16], "texture": "#1"},
				"east": {"uv": [13, 15, 14, 16], "texture": "#1"},
				"south": {"uv": [13, 15, 14, 16], "texture": "#1"},
				"west": {"uv": [13, 15, 14, 16], "texture": "#1"},
				"up": {"uv": [13, 15, 14, 16], "texture": "#1"},
				"down": {"uv": [13, 15, 14, 16], "texture": "#1"}
			}
		},
		{
			"name": "flower",
			"from": [5.5, 1, 8],
			"to": [6.5, 2, 9],
			"faces": {
				"north": {"uv": [13, 15, 14, 16], "texture": "#1"},
				"east": {"uv": [13, 15, 14, 16], "texture": "#1"},
				"south": {"uv": [13, 15, 14, 16], "texture": "#1"},
				"west": {"uv": [13, 15, 14, 16], "texture": "#1"},
				"up": {"uv": [13, 15, 14, 16], "texture": "#1"},
				"down": {"uv": [13, 15, 14, 16], "texture": "#1"}
			}
		},
		{
			"name": "flower",
			"from": [5.5, 1.5, 7],
			"to": [6.5, 2.5, 8],
			"faces": {
				"north": {"uv": [0, 0, 1, 1], "texture": "#1"},
				"east": {"uv": [0, 0, 1, 1], "texture": "#1"},
				"south": {"uv": [0, 0, 1, 1], "texture": "#1"},
				"west": {"uv": [0, 0, 1, 1], "texture": "#1"},
				"up": {"uv": [0, 0, 1, 1], "texture": "#1"},
				"down": {"uv": [0, 0, 1, 1], "texture": "#1"}
			}
		},
		{
			"name": "flower",
			"from": [5.5, 1, 9],
			"to": [6.5, 2, 10],
			"faces": {
				"north": {"uv": [13, 15, 14, 16], "texture": "#1"},
				"east": {"uv": [13, 15, 14, 16], "texture": "#1"},
				"south": {"uv": [13, 15, 14, 16], "texture": "#1"},
				"west": {"uv": [13, 15, 14, 16], "texture": "#1"},
				"up": {"uv": [13, 15, 14, 16], "texture": "#1"},
				"down": {"uv": [13, 15, 14, 16], "texture": "#1"}
			}
		},
		{
			"name": "flower",
			"from": [9.5, 1, 9],
			"to": [10.5, 2, 10],
			"faces": {
				"north": {"uv": [13, 15, 14, 16], "texture": "#1"},
				"east": {"uv": [13, 15, 14, 16], "texture": "#1"},
				"south": {"uv": [13, 15, 14, 16], "texture": "#1"},
				"west": {"uv": [13, 15, 14, 16], "texture": "#1"},
				"up": {"uv": [13, 15, 14, 16], "texture": "#1"},
				"down": {"uv": [13, 15, 14, 16], "texture": "#1"}
			}
		},
		{
			"name": "flower",
			"from": [4.5, 1.5, 9],
			"to": [5.5, 2.5, 10],
			"faces": {
				"north": {"uv": [0, 0, 1, 1], "texture": "#1"},
				"east": {"uv": [0, 0, 1, 1], "texture": "#1"},
				"south": {"uv": [0, 0, 1, 1], "texture": "#1"},
				"west": {"uv": [0, 0, 1, 1], "texture": "#1"},
				"up": {"uv": [0, 0, 1, 1], "texture": "#1"},
				"down": {"uv": [0, 0, 1, 1], "texture": "#1"}
			}
		},
		{
			"name": "flower",
			"from": [10.5, 1.5, 9],
			"to": [11.5, 2.5, 10],
			"faces": {
				"north": {"uv": [0, 0, 1, 1], "texture": "#1"},
				"east": {"uv": [0, 0, 1, 1], "texture": "#1"},
				"south": {"uv": [0, 0, 1, 1], "texture": "#1"},
				"west": {"uv": [0, 0, 1, 1], "texture": "#1"},
				"up": {"uv": [0, 0, 1, 1], "texture": "#1"},
				"down": {"uv": [0, 0, 1, 1], "texture": "#1"}
			}
		},
		{
			"name": "flower",
			"from": [8.5, 1, 8],
			"to": [9.5, 2, 9],
			"faces": {
				"north": {"uv": [13, 15, 14, 16], "texture": "#1"},
				"east": {"uv": [13, 15, 14, 16], "texture": "#1"},
				"south": {"uv": [13, 15, 14, 16], "texture": "#1"},
				"west": {"uv": [13, 15, 14, 16], "texture": "#1"},
				"up": {"uv": [13, 15, 14, 16], "texture": "#1"},
				"down": {"uv": [13, 15, 14, 16], "texture": "#1"}
			}
		},
		{
			"name": "flower",
			"from": [8.5, 1, 7],
			"to": [9.5, 2, 8],
			"faces": {
				"north": {"uv": [13, 15, 14, 16], "texture": "#1"},
				"east": {"uv": [13, 15, 14, 16], "texture": "#1"},
				"south": {"uv": [13, 15, 14, 16], "texture": "#1"},
				"west": {"uv": [13, 15, 14, 16], "texture": "#1"},
				"up": {"uv": [13, 15, 14, 16], "texture": "#1"},
				"down": {"uv": [13, 15, 14, 16], "texture": "#1"}
			}
		},
		{
			"name": "flower",
			"from": [7.5, 1, 11],
			"to": [8.5, 2, 12],
			"faces": {
				"north": {"uv": [13, 15, 14, 16], "texture": "#1"},
				"east": {"uv": [13, 15, 14, 16], "texture": "#1"},
				"south": {"uv": [13, 15, 14, 16], "texture": "#1"},
				"west": {"uv": [13, 15, 14, 16], "texture": "#1"},
				"up": {"uv": [13, 15, 14, 16], "texture": "#1"},
				"down": {"uv": [13, 15, 14, 16], "texture": "#1"}
			}
		},
		{
			"name": "flower",
			"from": [7.5, 1.5, 12],
			"to": [8.5, 2.5, 13],
			"faces": {
				"north": {"uv": [0, 0, 1, 1], "texture": "#1"},
				"east": {"uv": [0, 0, 1, 1], "texture": "#1"},
				"south": {"uv": [0, 0, 1, 1], "texture": "#1"},
				"west": {"uv": [0, 0, 1, 1], "texture": "#1"},
				"up": {"uv": [0, 0, 1, 1], "texture": "#1"},
				"down": {"uv": [0, 0, 1, 1], "texture": "#1"}
			}
		},
		{
			"name": "flower",
			"from": [8.5, 1, 11],
			"to": [9.5, 2, 12],
			"faces": {
				"north": {"uv": [13, 15, 14, 16], "texture": "#1"},
				"east": {"uv": [13, 15, 14, 16], "texture": "#1"},
				"south": {"uv": [13, 15, 14, 16], "texture": "#1"},
				"west": {"uv": [13, 15, 14, 16], "texture": "#1"},
				"up": {"uv": [13, 15, 14, 16], "texture": "#1"},
				"down": {"uv": [13, 15, 14, 16], "texture": "#1"}
			}
		},
		{
			"name": "flower",
			"from": [6.5, 1, 7],
			"to": [7.5, 2, 8],
			"faces": {
				"north": {"uv": [13, 15, 14, 16], "texture": "#1"},
				"east": {"uv": [13, 15, 14, 16], "texture": "#1"},
				"south": {"uv": [13, 15, 14, 16], "texture": "#1"},
				"west": {"uv": [13, 15, 14, 16], "texture": "#1"},
				"up": {"uv": [13, 15, 14, 16], "texture": "#1"},
				"down": {"uv": [13, 15, 14, 16], "texture": "#1"}
			}
		},
		{
			"name": "flower",
			"from": [9.5, 1, 10],
			"to": [10.5, 2, 11],
			"faces": {
				"north": {"uv": [13, 15, 14, 16], "texture": "#1"},
				"east": {"uv": [13, 15, 14, 16], "texture": "#1"},
				"south": {"uv": [13, 15, 14, 16], "texture": "#1"},
				"west": {"uv": [13, 15, 14, 16], "texture": "#1"},
				"up": {"uv": [13, 15, 14, 16], "texture": "#1"},
				"down": {"uv": [13, 15, 14, 16], "texture": "#1"}
			}
		},
		{
			"name": "flower",
			"from": [5.5, 1.5, 11],
			"to": [6.5, 2.5, 12],
			"faces": {
				"north": {"uv": [0, 0, 1, 1], "texture": "#1"},
				"east": {"uv": [0, 0, 1, 1], "texture": "#1"},
				"south": {"uv": [0, 0, 1, 1], "texture": "#1"},
				"west": {"uv": [0, 0, 1, 1], "texture": "#1"},
				"up": {"uv": [0, 0, 1, 1], "texture": "#1"},
				"down": {"uv": [0, 0, 1, 1], "texture": "#1"}
			}
		},
		{
			"name": "flower",
			"from": [7.5, 1.5, 6],
			"to": [8.5, 2.5, 7],
			"faces": {
				"north": {"uv": [0, 0, 1, 1], "texture": "#1"},
				"east": {"uv": [0, 0, 1, 1], "texture": "#1"},
				"south": {"uv": [0, 0, 1, 1], "texture": "#1"},
				"west": {"uv": [0, 0, 1, 1], "texture": "#1"},
				"up": {"uv": [0, 0, 1, 1], "texture": "#1"},
				"down": {"uv": [0, 0, 1, 1], "texture": "#1"}
			}
		},
		{
			"name": "flower",
			"from": [9.5, 1, 8],
			"to": [10.5, 2, 9],
			"faces": {
				"north": {"uv": [13, 15, 14, 16], "texture": "#1"},
				"east": {"uv": [13, 15, 14, 16], "texture": "#1"},
				"south": {"uv": [13, 15, 14, 16], "texture": "#1"},
				"west": {"uv": [13, 15, 14, 16], "texture": "#1"},
				"up": {"uv": [13, 15, 14, 16], "texture": "#1"},
				"down": {"uv": [13, 15, 14, 16], "texture": "#1"}
			}
		},
		{
			"name": "flower",
			"from": [9.5, 1.5, 7],
			"to": [10.5, 2.5, 8],
			"faces": {
				"north": {"uv": [0, 0, 1, 1], "texture": "#1"},
				"east": {"uv": [0, 0, 1, 1], "texture": "#1"},
				"south": {"uv": [0, 0, 1, 1], "texture": "#1"},
				"west": {"uv": [0, 0, 1, 1], "texture": "#1"},
				"up": {"uv": [0, 0, 1, 1], "texture": "#1"},
				"down": {"uv": [0, 0, 1, 1], "texture": "#1"}
			}
		},
		{
			"name": "flower",
			"from": [9.5, 1.5, 11],
			"to": [10.5, 2.5, 12],
			"faces": {
				"north": {"uv": [0, 0, 1, 1], "texture": "#1"},
				"east": {"uv": [0, 0, 1, 1], "texture": "#1"},
				"south": {"uv": [0, 0, 1, 1], "texture": "#1"},
				"west": {"uv": [0, 0, 1, 1], "texture": "#1"},
				"up": {"uv": [0, 0, 1, 1], "texture": "#1"},
				"down": {"uv": [0, 0, 1, 1], "texture": "#1"}
			}
		},
		{
			"name": "flower",
			"from": [5.5, 1, 10],
			"to": [6.5, 2, 11],
			"faces": {
				"north": {"uv": [13, 15, 14, 16], "texture": "#1"},
				"east": {"uv": [13, 15, 14, 16], "texture": "#1"},
				"south": {"uv": [13, 15, 14, 16], "texture": "#1"},
				"west": {"uv": [13, 15, 14, 16], "texture": "#1"},
				"up": {"uv": [13, 15, 14, 16], "texture": "#1"},
				"down": {"uv": [13, 15, 14, 16], "texture": "#1"}
			}
		},
		{
			"name": "flower",
			"from": [7.5, 1.5, 9],
			"to": [8.5, 1.75, 10],
			"faces": {
				"north": {"uv": [15, 15, 16, 16], "texture": "#1"},
				"east": {"uv": [15, 15, 16, 16], "texture": "#1"},
				"south": {"uv": [15, 15, 16, 16], "texture": "#1"},
				"west": {"uv": [15, 15, 16, 16], "texture": "#1"},
				"up": {"uv": [15, 15, 16, 16], "texture": "#1"},
				"down": {"uv": [15, 15, 16, 16], "texture": "#1"}
			}
		},
		{
			"name": "outline",
			"from": [3.5, 0, 1],
			"to": [5.5, 0.5, 2],
			"faces": {
				"north": {"uv": [4, 1, 6, 2], "texture": "#0"},
				"east": {"uv": [4, 1, 6, 2], "texture": "#0"},
				"south": {"uv": [4, 1, 6, 2], "texture": "#0"},
				"west": {"uv": [4, 1, 6, 2], "texture": "#0"},
				"up": {"uv": [4, 1, 6, 2], "texture": "#0"},
				"down": {"uv": [4, 1, 6, 2], "texture": "#0"}
			}
		},
		{
			"name": "outline",
			"from": [3.5, 0, 13],
			"to": [5.5, 0.5, 14],
			"faces": {
				"north": {"uv": [4, 13, 6, 14], "texture": "#0"},
				"east": {"uv": [4, 13, 6, 14], "texture": "#0"},
				"south": {"uv": [4, 13, 6, 14], "texture": "#0"},
				"west": {"uv": [4, 13, 6, 14], "texture": "#0"},
				"up": {"uv": [4, 13, 6, 14], "texture": "#0"},
				"down": {"uv": [4, 13, 6, 14], "texture": "#0"}
			}
		},
		{
			"name": "outline",
			"from": [10.5, 0, 13],
			"to": [12.5, 0.5, 14],
			"faces": {
				"north": {"uv": [11, 13, 13, 14], "texture": "#0"},
				"east": {"uv": [11, 13, 13, 14], "texture": "#0"},
				"south": {"uv": [11, 13, 13, 14], "texture": "#0"},
				"west": {"uv": [11, 13, 13, 14], "texture": "#0"},
				"up": {"uv": [11, 13, 13, 14], "texture": "#0"},
				"down": {"uv": [11, 13, 13, 14], "texture": "#0"}
			}
		},
		{
			"name": "outline",
			"from": [5.5, 0, 14],
			"to": [10.5, 0.5, 15],
			"faces": {
				"north": {"uv": [4, 1, 6, 2], "texture": "#0"},
				"east": {"uv": [4, 1, 6, 2], "texture": "#0"},
				"south": {"uv": [4, 1, 6, 2], "texture": "#0"},
				"west": {"uv": [4, 1, 6, 2], "texture": "#0"},
				"up": {"uv": [4, 1, 6, 2], "texture": "#0"},
				"down": {"uv": [4, 1, 6, 2], "texture": "#0"}
			}
		},
		{
			"name": "outline",
			"from": [10.5, 0, 1],
			"to": [12.5, 0.5, 2],
			"faces": {
				"north": {"uv": [11, 1, 13, 2], "texture": "#0"},
				"east": {"uv": [11, 1, 13, 2], "texture": "#0"},
				"south": {"uv": [11, 1, 13, 2], "texture": "#0"},
				"west": {"uv": [11, 1, 13, 2], "texture": "#0"},
				"up": {"uv": [11, 1, 13, 2], "texture": "#0"},
				"down": {"uv": [11, 1, 13, 2], "texture": "#0"}
			}
		},
		{
			"name": "outline",
			"from": [2.5, 0, 2],
			"to": [3.5, 0.5, 4],
			"faces": {
				"north": {"uv": [4, 1, 6, 2], "texture": "#0"},
				"east": {"uv": [4, 1, 6, 2], "texture": "#0"},
				"south": {"uv": [4, 1, 6, 2], "texture": "#0"},
				"west": {"uv": [4, 1, 6, 2], "texture": "#0"},
				"up": {"uv": [4, 1, 6, 2], "texture": "#0"},
				"down": {"uv": [4, 1, 6, 2], "texture": "#0"}
			}
		},
		{
			"name": "outline",
			"from": [2.5, 0, 11],
			"to": [3.5, 0.5, 13],
			"faces": {
				"north": {"uv": [3, 11, 4, 13], "texture": "#0"},
				"east": {"uv": [3, 11, 4, 13], "texture": "#0"},
				"south": {"uv": [3, 11, 4, 13], "texture": "#0"},
				"west": {"uv": [3, 11, 4, 13], "texture": "#0"},
				"up": {"uv": [3, 11, 4, 13], "texture": "#0"},
				"down": {"uv": [3, 11, 4, 13], "texture": "#0"}
			}
		},
		{
			"name": "outline",
			"from": [12.5, 0, 11],
			"to": [13.5, 0.5, 13],
			"faces": {
				"north": {"uv": [13, 11, 14, 13], "texture": "#0"},
				"east": {"uv": [13, 11, 14, 13], "texture": "#0"},
				"south": {"uv": [13, 11, 14, 13], "texture": "#0"},
				"west": {"uv": [13, 11, 14, 13], "texture": "#0"},
				"up": {"uv": [13, 11, 14, 13], "texture": "#0"},
				"down": {"uv": [13, 11, 14, 13], "texture": "#0"}
			}
		},
		{
			"name": "outline",
			"from": [12.5, 0, 2],
			"to": [13.5, 0.5, 4],
			"faces": {
				"north": {"uv": [13, 2, 14, 4], "texture": "#0"},
				"east": {"uv": [13, 2, 14, 4], "texture": "#0"},
				"south": {"uv": [13, 2, 14, 4], "texture": "#0"},
				"west": {"uv": [13, 2, 14, 4], "texture": "#0"},
				"up": {"uv": [13, 2, 14, 4], "texture": "#0"},
				"down": {"uv": [13, 2, 14, 4], "texture": "#0"}
			}
		},
		{
			"name": "outline",
			"from": [6.5, 0, 3],
			"to": [7.5, 0.5, 5],
			"faces": {
				"north": {"uv": [7, 3, 8, 5], "texture": "#0"},
				"east": {"uv": [7, 3, 8, 5], "texture": "#0"},
				"south": {"uv": [7, 3, 8, 5], "texture": "#0"},
				"west": {"uv": [7, 3, 8, 5], "texture": "#0"},
				"up": {"uv": [7, 3, 8, 5], "texture": "#0"},
				"down": {"uv": [7, 3, 8, 5], "texture": "#0"}
			}
		},
		{
			"name": "outline",
			"from": [8.5, 0, 3],
			"to": [9.5, 0.5, 5],
			"faces": {
				"north": {"uv": [9, 3, 10, 5], "texture": "#0"},
				"east": {"uv": [9, 3, 10, 5], "texture": "#0"},
				"south": {"uv": [9, 3, 10, 5], "texture": "#0"},
				"west": {"uv": [9, 3, 10, 5], "texture": "#0"},
				"up": {"uv": [9, 3, 10, 5], "texture": "#0"},
				"down": {"uv": [9, 3, 10, 5], "texture": "#0"}
			}
		},
		{
			"name": "outline",
			"from": [7.5, 0, 5],
			"to": [8.5, 0.5, 6],
			"faces": {
				"north": {"uv": [8, 5, 9, 6], "texture": "#0"},
				"east": {"uv": [8, 5, 9, 6], "texture": "#0"},
				"south": {"uv": [8, 5, 9, 6], "texture": "#0"},
				"west": {"uv": [8, 5, 9, 6], "texture": "#0"},
				"up": {"uv": [8, 5, 9, 6], "texture": "#0"},
				"down": {"uv": [8, 5, 9, 6], "texture": "#0"}
			}
		},
		{
			"name": "outline",
			"from": [5.5, 0, 2],
			"to": [6.5, 0.5, 3],
			"faces": {
				"north": {"uv": [6, 2, 7, 3], "texture": "#0"},
				"east": {"uv": [6, 2, 7, 3], "texture": "#0"},
				"south": {"uv": [6, 2, 7, 3], "texture": "#0"},
				"west": {"uv": [6, 2, 7, 3], "texture": "#0"},
				"up": {"uv": [6, 2, 7, 3], "texture": "#0"},
				"down": {"uv": [6, 2, 7, 3], "texture": "#0"}
			}
		},
		{
			"name": "outline",
			"from": [9.5, 0, 2],
			"to": [10.5, 0.5, 3],
			"faces": {
				"north": {"uv": [10, 2, 11, 3], "texture": "#0"},
				"east": {"uv": [10, 2, 11, 3], "texture": "#0"},
				"south": {"uv": [10, 2, 11, 3], "texture": "#0"},
				"west": {"uv": [10, 2, 11, 3], "texture": "#0"},
				"up": {"uv": [10, 2, 11, 3], "texture": "#0"},
				"down": {"uv": [10, 2, 11, 3], "texture": "#0"}
			}
		},
		{
			"name": "outline",
			"from": [1.5, 0, 4],
			"to": [2.5, 0.5, 11],
			"faces": {
				"north": {"uv": [2, 4, 3, 11], "texture": "#0"},
				"east": {"uv": [2, 4, 3, 11], "texture": "#0"},
				"south": {"uv": [2, 4, 3, 11], "texture": "#0"},
				"west": {"uv": [2, 4, 3, 11], "texture": "#0"},
				"up": {"uv": [2, 4, 3, 11], "texture": "#0"},
				"down": {"uv": [2, 4, 3, 11], "texture": "#0"}
			}
		},
		{
			"name": "outline",
			"from": [13.5, 0, 4],
			"to": [14.5, 0.5, 11],
			"faces": {
				"north": {"uv": [14, 4, 15, 11], "texture": "#0"},
				"east": {"uv": [14, 4, 15, 11], "texture": "#0"},
				"south": {"uv": [14, 4, 15, 11], "texture": "#0"},
				"west": {"uv": [14, 4, 15, 11], "texture": "#0"},
				"up": {"uv": [14, 4, 15, 11], "texture": "#0"},
				"down": {"uv": [14, 4, 15, 11], "texture": "#0"}
			}
		}
	],
	"groups": [
		{
			"name": "body",
			"origin": [0, 0, 0],
			"children": [
				{
					"name": "middle",
					"origin": [0, 0, 0],
					"children": [0, 1, 2, 3, 4, 5, 6, 7, 8, 9, 10]
				},
				{
					"name": "flower",
					"origin": [0, 0, 0],
					"children": [11, 12, 13, 14, 15, 16, 17, 18, 19, 20, 21, 22, 23, 24, 25, 26, 27, 28, 29, 30, 31, 32, 33, 34, 35, 36, 37, 38, 39]
				},
				{
					"name": "outline",
					"origin": [0, 0, 0],
					"children": [40, 41, 42, 43, 44, 45, 46, 47, 48, 49, 50, 51, 52, 53, 54, 55]
				}
			]
		}
	]
}