{
	"textures": {
		"layer0": "#layer0",
		"layer1": "#layer1"
	},
	"elements": [
		{
			"name": "BG",
			"from": [-16, -16, 0],
			"to": [32, 32, 0],
			"faces": {
				"south": {"uv": [0, 0, 16, 16], "texture": "#layer0", "tintindex": 0}
			}
		},
		{
			"name": "Grid",
			"from": [-16, -16, 1],
			"to": [32, 32, 1],
			"faces": {
				"south": {"uv": [0, 0, 16, 16], "texture": "#layer1"}
			}
		}
	],
	"gui_light": "front",
	"display": {
		"thirdperson_righthand": {
			"scale": [0.01, 0.01, 0.01]
		},
		"thirdperson_lefthand": {
			"scale": [0.01, 0.01, 0.01]
		},
		"firstperson_righthand": {
			"scale": [0.01, 0.01, 0.01]
		},
		"firstperson_lefthand": {
			"scale": [0.01, 0.01, 0.01]
		},
		"ground": {
			"scale": [0.01, 0.01, 0.01]
		},
		"gui": {
			"translation": [72, 67, -90],
			"scale": [3.66, 3.66, 3.66]
		},
		"head": {
			"scale": [0.01, 0.01, 0.01]
		},
		"fixed": {
			"scale": [0.01, 0.01, 0.01]
		}
	}
}