{
  "parent": "minecraft:item/handheld",
  "textures": {
    "layer0": "minecraft:item/iron_sword"
  },

  "overrides": [
    { "predicate": {"custom_model_data": 1003}, "model": "item/wither_sword"},
    { "predicate": {"custom_model_data": 1018}, "model": "item/enderman_sword"},
    { "predicate": {"custom_model_data": 1019}, "model": "item/lapis_sword"},
    { "predicate": {"custom_model_data": 1020}, "model": "item/redstone_sword"},
    { "predicate": {"custom_model_data": 1021}, "model": "item/emerald_sword"},
    { "predicate": {"custom_model_data": 1022}, "model": "item/dungeony"},
    { "predicate": {"custom_model_data": 3014}, "model": "item/miecz_gryfona"},
    { "predicate": {"custom_model_data": 3015}, "model": "item/czarny_miecz"},
    { "predicate": {"custom_model_data": 3016}, "model": "item/miecz_elfa"},
    { "predicate": {"custom_model_data": 3021}, "model": "item/excalibur"},
    { "predicate": {"custom_model_data": 3022}, "model": "item/firemiecz"}
  
   ]
}