{
    "parent": "item/generated",
    "textures": {
        "layer0": "item/leather_boots",
        "layer1": "item/leather_boots_overlay"
    },

    "overrides": [
      { "predicate": {"custom_model_data": 2015}, "model": "item/rycerz_boots"},
      { "predicate": {"custom_model_data": 2019}, "model": "item/farmer_boots"},
      { "predicate": {"custom_model_data": 2020}, "model": "item/wither_boots"},
      { "predicate": {"custom_model_data": 2021}, "model": "item/najman_boots"},
      { "predicate": {"custom_model_data": 2022}, "model": "item/emerald_boots"},
      { "predicate": {"custom_model_data": 2023}, "model": "item/villager_boots"},
      { "predicate": {"custom_model_data": 2024}, "model": "item/redstone_boots"},
      { "predicate": {"custom_model_data": 2025}, "model": "item/rudy_boots"},
      { "predicate": {"custom_model_data": 2026}, "model": "item/enderman_boots"},
      { "predicate": {"custom_model_data": 2027}, "model": "item/kowal_boots"},
      { "predicate": {"custom_model_data": 2028}, "model": "item/gornik_boots"},
      { "predicate": {"custom_model_data": 2055}, "model": "item/kubus_boots"},
      { "predicate": {"custom_model_data": 2059}, "model": "item/menel_boots"},
      { "predicate": {"custom_model_data": 2063}, "model": "item/ninja_boots"},
      { "predicate": {"custom_model_data": 2067}, "model": "item/ponczek_boots"},
      { "predicate": {"custom_model_data": 2071}, "model": "item/bread_boots"},
      { "predicate": {"custom_model_data": 2075}, "model": "item/mag_boots"},
      { "predicate": {"custom_model_data": 2082}, "model": "item/platyna_boots"},
      { "predicate": {"custom_model_data": 2086}, "model": "item/szaleniec_boots"},
      { "predicate": {"custom_model_data": 2090}, "model": "item/czarnydiament_boots"},
      { "predicate": {"custom_model_data": 2094}, "model": "item/mnich_boots"},
      { "predicate": {"custom_model_data": 2098}, "model": "item/elf_boots"}
    
     ]
}
