{
    "parent": "item/generated",
    "textures": {
        "layer0": "item/leather_leggings",
        "layer1": "item/leather_leggings_overlay"
    },

    "overrides": [
      { "predicate": {"custom_model_data": 2013}, "model": "item/rycerz_leggings"},
      { "predicate": {"custom_model_data": 2045}, "model": "item/farmer_leggings"},
      { "predicate": {"custom_model_data": 2046}, "model": "item/wither_leggings"},
      { "predicate": {"custom_model_data": 2047}, "model": "item/najman_leggings"},
      { "predicate": {"custom_model_data": 2048}, "model": "item/emerald_leggings"},
      { "predicate": {"custom_model_data": 2049}, "model": "item/villager_leggings"},
      { "predicate": {"custom_model_data": 2050}, "model": "item/redstone_leggings"},
      { "predicate": {"custom_model_data": 2051}, "model": "item/rudy_leggings"},
      { "predicate": {"custom_model_data": 2052}, "model": "item/enderman_leggings"},
      { "predicate": {"custom_model_data": 2053}, "model": "item/kowal_leggings"},
      { "predicate": {"custom_model_data": 2054}, "model": "item/gornik_leggings"},
      { "predicate": {"custom_model_data": 2058}, "model": "item/kubus_leggings"},
      { "predicate": {"custom_model_data": 2062}, "model": "item/menel_leggings"},
      { "predicate": {"custom_model_data": 2066}, "model": "item/ninja_leggings"},
      { "predicate": {"custom_model_data": 2070}, "model": "item/ponczek_leggings"},
      { "predicate": {"custom_model_data": 2074}, "model": "item/bread_leggings"},
      { "predicate": {"custom_model_data": 2078}, "model": "item/mag_leggings"},
      { "predicate": {"custom_model_data": 2085}, "model": "item/platyna_leggings"},
      { "predicate": {"custom_model_data": 2088}, "model": "item/szaleniec_leggings"},
      { "predicate": {"custom_model_data": 2092}, "model": "item/czarnydiament_leggings"},
      { "predicate": {"custom_model_data": 2096}, "model": "item/mnich_leggings"},
      { "predicate": {"custom_model_data": 2100}, "model": "item/elf_leggings"}
    
     ]
}
