{
	"credit": "Made with Blockbench",
	"textures": {
		"0": "item/maczuga",
		"particle": "item/maczuga"
	},
	"elements": [
		{
			"from": [7, 8.5, 7],
			"to": [9, 25, 9],
			"faces": {
				"north": {"uv": [3, 0, 5, 24], "texture": "#0"},
				"east": {"uv": [2, 0, 4, 24], "texture": "#0"},
				"south": {"uv": [6, 0, 8, 16], "texture": "#0"},
				"west": {"uv": [5, 0, 7, 24], "texture": "#0"},
				"up": {"uv": [4, 2, 2, 0], "texture": "#0"},
				"down": {"uv": [6, 0, 4, 2], "texture": "#0"}
			}
		},
		{
			"from": [7, 0.5, 7],
			"to": [9, 17, 9],
			"faces": {
				"north": {"uv": [3, 0, 5, 16], "texture": "#0"},
				"east": {"uv": [2, 0, 4, 16], "texture": "#0"},
				"south": {"uv": [6, 0, 8, 16], "texture": "#0"},
				"west": {"uv": [5, 0, 7, 16], "texture": "#0"},
				"up": {"uv": [4, 2, 2, 0], "texture": "#0"},
				"down": {"uv": [6, 0, 4, 2], "texture": "#0"}
			}
		},
		{
			"from": [7, 8, 6],
			"to": [9, 24, 7],
			"faces": {
				"north": {"uv": [9, 0, 11, 16], "texture": "#0"},
				"east": {"uv": [2, 0, 3, 16], "texture": "#0"},
				"south": {"uv": [12, 32, 14, 16], "texture": "#0"},
				"west": {"uv": [5, 0, 6, 16], "texture": "#0"},
				"up": {"uv": [11, 19, 9, 18], "texture": "#0"},
				"down": {"uv": [13, 11, 11, 12], "texture": "#0"}
			}
		},
		{
			"from": [6.25, 9, 6.25],
			"to": [7, 23.25, 7],
			"faces": {
				"north": {"uv": [0, 0, 0.75, 14.25], "texture": "#0"},
				"east": {"uv": [2, 0, 2.75, 14.25], "texture": "#0"},
				"south": {"uv": [0, 0, 0.75, 14.25], "texture": "#0"},
				"west": {"uv": [5, 0, 5.75, 14.25], "texture": "#0"},
				"up": {"uv": [0, 0, 0.75, 0.75], "texture": "#0"},
				"down": {"uv": [0, 0, 0.75, 0.75], "texture": "#0"}
			}
		},
		{
			"from": [9, 9, 6.25],
			"to": [9.75, 23.25, 7],
			"faces": {
				"north": {"uv": [0, 0, 0.75, 14.25], "texture": "#0"},
				"east": {"uv": [2, 0, 2.75, 14.25], "texture": "#0"},
				"south": {"uv": [0, 0, 0.75, 14.25], "texture": "#0"},
				"west": {"uv": [5, 0, 5.75, 14.25], "texture": "#0"},
				"up": {"uv": [0, 0, 0.75, 0.75], "texture": "#0"},
				"down": {"uv": [0, 0, 0.75, 0.75], "texture": "#0"}
			}
		},
		{
			"from": [9, 9, 9],
			"to": [9.75, 23.25, 9.75],
			"faces": {
				"north": {"uv": [0, 0, 0.75, 14.25], "texture": "#0"},
				"east": {"uv": [2, 0, 2.75, 14.25], "texture": "#0"},
				"south": {"uv": [0, 0, 0.75, 14.25], "texture": "#0"},
				"west": {"uv": [5, 0, 5.75, 14.25], "texture": "#0"},
				"up": {"uv": [0, 0, 0.75, 0.75], "texture": "#0"},
				"down": {"uv": [0, 0, 0.75, 0.75], "texture": "#0"}
			}
		},
		{
			"from": [6.25, 9, 9],
			"to": [7, 23.25, 9.75],
			"faces": {
				"north": {"uv": [0, 0, 0.75, 14.25], "texture": "#0"},
				"east": {"uv": [2, 0, 2.75, 14.25], "texture": "#0"},
				"south": {"uv": [0, 0, 0.75, 14.25], "texture": "#0"},
				"west": {"uv": [5, 0, 5.75, 14.25], "texture": "#0"},
				"up": {"uv": [0, 0, 0.75, 0.75], "texture": "#0"},
				"down": {"uv": [0, 0, 0.75, 0.75], "texture": "#0"}
			}
		},
		{
			"from": [7, 8, 9],
			"to": [9, 24, 10],
			"faces": {
				"north": {"uv": [2, 0, 4, 16], "texture": "#0"},
				"east": {"uv": [2, 0, 3, 16], "texture": "#0"},
				"south": {"uv": [3, 0, 5, 16], "texture": "#0"},
				"west": {"uv": [5, 0, 6, 16], "texture": "#0"},
				"up": {"uv": [11, 19, 9, 18], "texture": "#0"},
				"down": {"uv": [10, 10, 8, 11], "texture": "#0"}
			}
		},
		{
			"from": [9, 8, 7],
			"to": [10, 24, 9],
			"faces": {
				"north": {"uv": [3, 0, 4, 16], "texture": "#0"},
				"east": {"uv": [2, 0, 4, 16], "texture": "#0"},
				"south": {"uv": [6, 0, 7, 16], "texture": "#0"},
				"west": {"uv": [5, 0, 7, 16], "texture": "#0"},
				"up": {"uv": [17, 2, 16, 0], "texture": "#0"},
				"down": {"uv": [18, 0, 17, 2], "texture": "#0"}
			}
		},
		{
			"from": [9, 5.25, 7],
			"to": [9.5, 8, 9],
			"faces": {
				"north": {"uv": [2, 4, 2.5, 6.75], "texture": "#0"},
				"east": {"uv": [2, 0, 4, 2], "texture": "#0"},
				"south": {"uv": [4, 5, 4.5, 7.75], "texture": "#0"},
				"west": {"uv": [5, 0, 7, 2], "texture": "#0"},
				"up": {"uv": [4, 7, 4.5, 5], "texture": "#0"},
				"down": {"uv": [3, 5, 3.5, 7], "texture": "#0"}
			}
		},
		{
			"from": [9, 24, 7],
			"to": [9.5, 24.5, 9],
			"faces": {
				"north": {"uv": [2, 2, 2.5, 2.5], "texture": "#0"},
				"east": {"uv": [2, 0, 4, 0.5], "texture": "#0"},
				"south": {"uv": [4, 2, 4.5, 2.5], "texture": "#0"},
				"west": {"uv": [5, 0, 7, 0.5], "texture": "#0"},
				"up": {"uv": [2, 2, 2.5, 0], "texture": "#0"},
				"down": {"uv": [2, 0, 2.5, 2], "texture": "#0"}
			}
		},
		{
			"from": [6.5, 5.25, 7],
			"to": [7, 8, 9],
			"faces": {
				"north": {"uv": [7, 4, 7.5, 6.75], "texture": "#0"},
				"east": {"uv": [2, 0, 4, 2.75], "texture": "#0"},
				"south": {"uv": [8, 4, 8.5, 6.75], "texture": "#0"},
				"west": {"uv": [5, 0, 7, 2.75], "texture": "#0"},
				"up": {"uv": [13, 4, 13.5, 2], "texture": "#0"},
				"down": {"uv": [11, 3, 11.5, 5], "texture": "#0"}
			}
		},
		{
			"from": [6.5, 24, 7],
			"to": [7, 24.5, 9],
			"faces": {
				"north": {"uv": [2, 2, 2.5, 2.5], "texture": "#0"},
				"east": {"uv": [2, 0, 4, 0.5], "texture": "#0"},
				"south": {"uv": [4, 2, 4.5, 2.5], "texture": "#0"},
				"west": {"uv": [5, 0, 7, 0.5], "texture": "#0"},
				"up": {"uv": [2, 2, 2.5, 0], "texture": "#0"},
				"down": {"uv": [2, 0, 2.5, 2], "texture": "#0"}
			}
		},
		{
			"from": [7, 5.25, 9],
			"to": [9, 8, 9.5],
			"rotation": {"angle": 0, "axis": "y", "origin": [6.75, 4.625, 14]},
			"faces": {
				"north": {"uv": [12, 0, 14, 2.75], "texture": "#0"},
				"east": {"uv": [2, 0, 2.5, 2.75], "texture": "#0"},
				"south": {"uv": [14, 0, 16, 2.75], "texture": "#0"},
				"west": {"uv": [5, 0, 5.5, 2.75], "texture": "#0"},
				"up": {"uv": [10, 2, 8, 2.5], "texture": "#0"},
				"down": {"uv": [10, 2, 8, 2.5], "texture": "#0"}
			}
		},
		{
			"from": [7, 24, 9],
			"to": [9, 24.5, 9.5],
			"rotation": {"angle": 0, "axis": "y", "origin": [6.75, 4.625, 14]},
			"faces": {
				"north": {"uv": [0, 0, 2, 0.5], "texture": "#0"},
				"east": {"uv": [2, 0, 2.5, 0.5], "texture": "#0"},
				"south": {"uv": [2, 0, 4, 0.5], "texture": "#0"},
				"west": {"uv": [5, 0, 5.5, 0.5], "texture": "#0"},
				"up": {"uv": [2, 0, 0, 0.5], "texture": "#0"},
				"down": {"uv": [4, 0, 2, 0.5], "texture": "#0"}
			}
		},
		{
			"from": [7, 5.25, 6.5],
			"to": [9, 8, 7],
			"rotation": {"angle": 0, "axis": "y", "origin": [6.75, 4.625, 14]},
			"faces": {
				"north": {"uv": [6, 0, 8, 2.75], "texture": "#0"},
				"east": {"uv": [2, 0, 2.5, 2.75], "texture": "#0"},
				"south": {"uv": [8, 0, 10, 2.75], "texture": "#0"},
				"west": {"uv": [5, 0, 5.5, 2.75], "texture": "#0"},
				"up": {"uv": [10, 2, 8, 2.5], "texture": "#0"},
				"down": {"uv": [10, 2, 8, 2.5], "texture": "#0"}
			}
		},
		{
			"from": [7, 24, 6.5],
			"to": [9, 24.5, 7],
			"rotation": {"angle": 0, "axis": "y", "origin": [6.75, 4.625, 14]},
			"faces": {
				"north": {"uv": [0, 0, 2, 0.5], "texture": "#0"},
				"east": {"uv": [2, 0, 2.5, 0.5], "texture": "#0"},
				"south": {"uv": [2, 0, 4, 0.5], "texture": "#0"},
				"west": {"uv": [5, 0, 5.5, 0.5], "texture": "#0"},
				"up": {"uv": [2, 0, 0, 0.5], "texture": "#0"},
				"down": {"uv": [4, 0, 2, 0.5], "texture": "#0"}
			}
		},
		{
			"from": [10, 10, 7.25],
			"to": [10.5, 22.5, 8.75],
			"faces": {
				"north": {"uv": [10, 0, 10.5, 12.5], "texture": "#0"},
				"east": {"uv": [2, 0, 3, 12], "texture": "#0"},
				"south": {"uv": [8, 0, 8.5, 12.5], "texture": "#0"},
				"west": {"uv": [5, 0, 6, 12], "texture": "#0"},
				"up": {"uv": [7, 7.5, 7.5, 6], "texture": "#0"},
				"down": {"uv": [10, 11, 10.5, 12.5], "texture": "#0"}
			}
		},
		{
			"from": [5.5, 10, 7.25],
			"to": [6, 22.5, 8.75],
			"faces": {
				"north": {"uv": [6, 0, 6.5, 12.5], "texture": "#0"},
				"east": {"uv": [2, 0, 3.5, 12.5], "texture": "#0"},
				"south": {"uv": [7, 1, 7.5, 13.5], "texture": "#0"},
				"west": {"uv": [5, 0, 6.5, 12.5], "texture": "#0"},
				"up": {"uv": [15, 18.5, 15.5, 17], "texture": "#0"},
				"down": {"uv": [10, 12, 10.5, 13.5], "texture": "#0"}
			}
		},
		{
			"from": [7.25, 10, 5.5],
			"to": [8.75, 22.5, 6],
			"rotation": {"angle": 0, "axis": "y", "origin": [5.75, 14.25, 2]},
			"faces": {
				"north": {"uv": [6, 2, 7.5, 14.5], "texture": "#0"},
				"east": {"uv": [2, 0, 2.5, 12.5], "texture": "#0"},
				"south": {"uv": [5, 0, 6.5, 12.5], "texture": "#0"},
				"west": {"uv": [5, 0, 5.5, 12.5], "texture": "#0"},
				"up": {"uv": [9.5, 10, 8, 10.5], "texture": "#0"},
				"down": {"uv": [9.5, 12, 8, 12.5], "texture": "#0"}
			}
		},
		{
			"from": [7.25, 10, 10],
			"to": [8.75, 22.5, 10.5],
			"rotation": {"angle": 0, "axis": "y", "origin": [5.75, 14.25, 2]},
			"faces": {
				"north": {"uv": [8, 0, 9.5, 12.5], "texture": "#0"},
				"east": {"uv": [2, 0, 2.5, 12.5], "texture": "#0"},
				"south": {"uv": [6, 0, 7.5, 12.5], "texture": "#0"},
				"west": {"uv": [5, 0, 5.5, 12.5], "texture": "#0"},
				"up": {"uv": [5.5, 9, 4, 9.5], "texture": "#0"},
				"down": {"uv": [14.5, 5, 13, 5.5], "texture": "#0"}
			}
		},
		{
			"from": [6, 8, 7],
			"to": [7, 24, 9],
			"faces": {
				"north": {"uv": [9, 0, 10, 16], "texture": "#0"},
				"east": {"uv": [2, 0, 4, 16], "texture": "#0"},
				"south": {"uv": [6, 0, 7, 16], "texture": "#0"},
				"west": {"uv": [5, 0, 7, 16], "texture": "#0"},
				"up": {"uv": [11, 2, 10, 0], "texture": "#0"},
				"down": {"uv": [12, 0, 11, 2], "texture": "#0"}
			}
		}
	],
	"display": {
		"thirdperson_righthand": {
			"translation": [0, 3.25, 1.25]
		},
		"thirdperson_lefthand": {
			"translation": [0, 3.5, 1.25]
		},
		"firstperson_righthand": {
			"rotation": [1, 19, -5],
			"translation": [2.25, 2.25, 0]
		},
		"firstperson_lefthand": {
			"rotation": [1, 19, -5],
			"translation": [2.25, 2.25, 0]
		},
		"ground": {
			"translation": [0, 4.75, 0]
		},
		"gui": {
			"rotation": [17, 24, -48],
			"translation": [-2.5, -2.5, 0],
			"scale": [0.66, 0.66, 0.66]
		},
		"fixed": {
			"rotation": [0, 0, 49],
			"translation": [3, -2.25, 0],
			"scale": [0.93, 0.93, 0.93]
		}
	}
}