{
	"credit": "Made with Blockbench",
	"texture_size": [64, 64],
	"textures": {
		"0": "item/wither_sword",
		"particle": "item/wither_sword"
	},
	"elements": [
		{
			"name": "body2",
			"from": [6.5, 6.1, 7.75],
			"to": [9.5, 12.85, 10.75],
			"rotation": {"angle": 0, "axis": "y", "origin": [7.77778, 14.23333, 8.69444]},
			"faces": {
				"north": {"uv": [0.75, 6.25, 1.5, 7.75], "texture": "#0"},
				"east": {"uv": [0, 6.25, 0.75, 7.75], "texture": "#0"},
				"south": {"uv": [2.25, 6.25, 3, 7.75], "texture": "#0"},
				"west": {"uv": [1.5, 6.25, 2.25, 7.75], "texture": "#0"},
				"up": {"uv": [1.5, 6.25, 0.75, 5.5], "texture": "#0"},
				"down": {"uv": [2.25, 5.5, 1.5, 6.25], "texture": "#0"}
			}
		},
		{
			"name": "body3",
			"from": [6.5, 12.85, 8.25],
			"to": [9.5, 19.1, 11.25],
			"rotation": {"angle": 0, "axis": "y", "origin": [7.77778, 20.23333, 9.19444]},
			"faces": {
				"north": {"uv": [0.75, 6.25, 1.5, 7.75], "texture": "#0"},
				"east": {"uv": [0, 6.25, 0.75, 7.75], "texture": "#0"},
				"south": {"uv": [2.25, 6.25, 3, 7.75], "texture": "#0"},
				"west": {"uv": [1.5, 6.25, 2.25, 7.75], "texture": "#0"},
				"up": {"uv": [1.5, 6.25, 0.75, 5.5], "texture": "#0"},
				"down": {"uv": [2.25, 5.5, 1.5, 6.25], "texture": "#0"}
			}
		},
		{
			"name": "body2",
			"from": [2.5, 15.85, 8.75],
			"to": [13.5, 17.85, 10.75],
			"rotation": {"angle": 0, "axis": "y", "origin": [7.77778, 17.48333, 9.19444]},
			"faces": {
				"north": {"uv": [6.5, 6, 9.25, 6.5], "texture": "#0"},
				"east": {"uv": [6, 6, 6.5, 6.5], "texture": "#0"},
				"south": {"uv": [9.75, 6, 12.5, 6.5], "texture": "#0"},
				"west": {"uv": [9.25, 6, 9.75, 6.5], "texture": "#0"},
				"up": {"uv": [9.25, 6, 6.5, 5.5], "texture": "#0"},
				"down": {"uv": [12, 5.5, 9.25, 6], "texture": "#0"}
			}
		},
		{
			"name": "body2",
			"from": [2.5, 12.85, 8.5],
			"to": [13.5, 14.85, 10.5],
			"rotation": {"angle": 0, "axis": "y", "origin": [7.77778, 16.98333, 8.94444]},
			"faces": {
				"north": {"uv": [6.5, 6, 9.25, 6.5], "texture": "#0"},
				"east": {"uv": [6, 6, 6.5, 6.5], "texture": "#0"},
				"south": {"uv": [9.75, 6, 12.5, 6.5], "texture": "#0"},
				"west": {"uv": [9.25, 6, 9.75, 6.5], "texture": "#0"},
				"up": {"uv": [9.25, 6, 6.5, 5.5], "texture": "#0"},
				"down": {"uv": [12, 5.5, 9.25, 6], "texture": "#0"}
			}
		},
		{
			"name": "body2",
			"from": [2.5, 9.85, 8.25],
			"to": [13.5, 11.85, 10.25],
			"rotation": {"angle": 0, "axis": "y", "origin": [7.77778, 16.48333, 8.69444]},
			"faces": {
				"north": {"uv": [6.5, 6, 9.25, 6.5], "texture": "#0"},
				"east": {"uv": [6, 6, 6.5, 6.5], "texture": "#0"},
				"south": {"uv": [9.75, 6, 12.5, 6.5], "texture": "#0"},
				"west": {"uv": [9.25, 6, 9.75, 6.5], "texture": "#0"},
				"up": {"uv": [9.25, 6, 6.5, 5.5], "texture": "#0"},
				"down": {"uv": [12, 5.5, 9.25, 6], "texture": "#0"}
			}
		},
		{
			"name": "body3",
			"from": [6.5, 0.1, 7],
			"to": [9.5, 6.1, 10],
			"rotation": {"angle": 0, "axis": "y", "origin": [7.77778, 14.23333, 7.94444]},
			"faces": {
				"north": {"uv": [3.75, 6.25, 4.5, 7.75], "texture": "#0"},
				"east": {"uv": [3, 6.25, 3.75, 7.75], "texture": "#0"},
				"south": {"uv": [5.25, 6.25, 6, 7.75], "texture": "#0"},
				"west": {"uv": [4.5, 6.25, 5.25, 7.75], "texture": "#0"},
				"up": {"uv": [4.5, 6.25, 3.75, 5.5], "texture": "#0"},
				"down": {"uv": [5.25, 5.5, 4.5, 6.25], "texture": "#0"}
			}
		},
		{
			"name": "head1",
			"from": [3.5, 19, 5.5],
			"to": [11.5, 27, 13.5],
			"rotation": {"angle": 0, "axis": "y", "origin": [7.77778, 14.23333, 9.94444]},
			"faces": {
				"north": {"uv": [2, 2, 4, 4], "texture": "#0"},
				"east": {"uv": [0, 2, 2, 4], "texture": "#0"},
				"south": {"uv": [6, 2, 8, 4], "texture": "#0"},
				"west": {"uv": [4, 2, 6, 4], "texture": "#0"},
				"up": {"uv": [4, 2, 2, 0], "texture": "#0"},
				"down": {"uv": [6, 0, 4, 2], "texture": "#0"}
			}
		}
	],
	"display": {
		"thirdperson_righthand": {
			"translation": [0, 3.75, 1.25],
			"scale": [0.8, 0.83, 0.76]
		},
		"thirdperson_lefthand": {
			"translation": [0, 3.75, 1.25],
			"scale": [0.8, 0.83, 0.76]
		},
		"firstperson_righthand": {
			"rotation": [11, 95, 0],
			"translation": [-1, 2.75, 2.5],
			"scale": [0.39, 0.39, 0.39]
		},
		"firstperson_lefthand": {
			"rotation": [11, 95, 0],
			"translation": [-1, 2.75, 2.5],
			"scale": [0.39, 0.39, 0.39]
		},
		"ground": {
			"scale": [0.54, 0.54, 0.54]
		},
		"gui": {
			"rotation": [7, -175, 35],
			"translation": [-2, -2.75, 0],
			"scale": [0.55, 0.55, 0.55]
		},
		"head": {
			"translation": [0, 10, 0]
		},
		"fixed": {
			"rotation": [-2, 0, 36],
			"translation": [2.5, -3.25, -1],
			"scale": [0.69, 0.69, 0.69]
		}
	},
	"groups": [
		{
			"name": "body1",
			"origin": [0, 24, 0],
			"children": []
		},
		{
			"name": "body2",
			"origin": [-3, 17.1, -0.5],
			"children": [0, 1, 2, 3, 4]
		},
		{
			"name": "body3",
			"origin": [-3, 7.1, -0.5],
			"children": [5]
		},
		{
			"name": "head1",
			"origin": [-1, 24, 0],
			"children": [6]
		},
		{
			"name": "head2",
			"origin": [-9, 20, -1],
			"children": []
		},
		{
			"name": "head3",
			"origin": [9, 20, -1],
			"children": []
		}
	]
}