{
    "naura" : {
        "sounds": [
            {
                "name": "naura"
            }
        ]
    },
    
    "dalar" : {
        "sounds": [
            {
                "name": "dalar"
            }
        ]
    },
    "krol" : {
        "sounds": [
            {
                "name": "krol"
            }
        ]
    },
    "krol_finished" : {
        "sounds": [
            {
                "name": "krol_finished"
            }
        ]
    },
    "aremas" : {
        "sounds": [
            {
                "name": "aremas"
            }
        ]
    },
    "aremas_finished" : {
        "sounds": [
            {
                "name": "aremas_finished"
            }
        ]
    },
    "gornik" : {
        "sounds": [
            {
                "name": "gornik"
            }
        ]
    },
    "gornik_finished" : {
        "sounds": [
            {
                "name": "gornik_finished"
            }
        ]
    },
    "kowal" : {
        "sounds": [
            {
                "name": "kowal"
            }
        ]
    },
    "kowal_finished" : {
        "sounds": [
            {
                "name": "kowal_finished"
            }
        ]
    },
    "platnerz" : {
        "sounds": [
            {
                "name": "platnerz"
            }
        ]
    },
    "platnerz_finished" : {
        "sounds": [
            {
                "name": "platnerz_finished"
            }
        ]
    },
    "vivaldi" : {
        "sounds": [
            {
                "name": "vivaldi"
            }
        ]
    },
    "yen" : {
        "sounds": [
            {
                "name": "yen"
            }
        ]
    },
    "nita" : {
        "sounds": [
            {
                "name": "nita"
            }
        ]
    },
    "karczmarz" : {
        "sounds": [
            {
                "name": "karczmarz"
            }
        ]
    }
}