{
    "parent": "minecraft:item/generated",
    "textures": {
      "layer0": "minecraft:block/black_stained_glass"
    },
    
        "overrides": [
{"predicate": {"custom_model_data":19000}, "model": "item/gui_1x5"},
{"predicate": {"custom_model_data":19001}, "model": "item/gui_2x5"},
{"predicate": {"custom_model_data":19002}, "model": "item/gui_3x5"},
{"predicate": {"custom_model_data":19003}, "model": "item/gui_4x5"},
{"predicate": {"custom_model_data":19004}, "model": "item/gui_5x5"},
{"predicate": {"custom_model_data":19005}, "model": "item/skyblock_menu"},
{"predicate": {"custom_model_data":19006}, "model": "item/pusto"}
    ]
}

