{
	"credit": "Made with Blockbench",
	"textures": {
		"1": "item/spalone",
		"2": "block/dark_oak_log",
		"5": "item/lred",
		"6": "item/dred"
	},
	"elements": [
		{
			"from": [7, 28.5, 7],
			"to": [9, 30.5, 9],
			"faces": {
				"north": {"uv": [0, 0, 2, 2], "texture": "#6"},
				"east": {"uv": [0, 0, 2, 2], "texture": "#6"},
				"south": {"uv": [0, 0, 2, 2], "texture": "#6"},
				"west": {"uv": [0, 0, 2, 2], "texture": "#6"},
				"up": {"uv": [0, 0, 2, 2], "texture": "#6"},
				"down": {"uv": [0, 0, 2, 2], "texture": "#6"}
			}
		},
		{
			"from": [7.8125, 27.5, 5.3125],
			"to": [8.1875, 28, 5.75],
			"rotation": {"angle": 22.5, "axis": "x", "origin": [8, 27.5, 7.5]},
			"faces": {
				"north": {"uv": [0, 0.375, 0.5, 0.75], "rotation": 270, "texture": "#1"},
				"east": {"uv": [0, 0.4375, 0.5, 0.875], "rotation": 90, "texture": "#1"},
				"south": {"uv": [0, 0.375, 0.5, 0.75], "rotation": 270, "texture": "#1"},
				"west": {"uv": [0, 0.4375, 0.5, 0.875], "rotation": 270, "texture": "#1"},
				"up": {"uv": [0, 0.4375, 0.375, 0.875], "texture": "#1"},
				"down": {"uv": [0, 0.4375, 0.375, 0.875], "rotation": 180, "texture": "#1"}
			}
		},
		{
			"from": [7, 28, 7],
			"to": [9, 28.5, 9],
			"faces": {
				"north": {"uv": [9, 8, 11, 8.5], "texture": "#5"},
				"east": {"uv": [9, 8, 11, 8.5], "texture": "#5"},
				"south": {"uv": [9, 7, 11, 7.5], "texture": "#5"},
				"west": {"uv": [9, 7, 11, 7.5], "texture": "#5"},
				"up": {"uv": [9, 7, 11, 9], "texture": "#5"},
				"down": {"uv": [9, 7, 11, 9], "texture": "#5"}
			}
		},
		{
			"from": [6.5, 28.5, 7],
			"to": [7, 30.5, 9],
			"faces": {
				"north": {"uv": [9, 7, 9.5, 9], "texture": "#5"},
				"east": {"uv": [9, 7, 11, 9], "texture": "#5"},
				"south": {"uv": [10, 7, 10.5, 9], "texture": "#5"},
				"west": {"uv": [9, 7, 11, 9], "texture": "#5"},
				"up": {"uv": [9, 7, 11, 8], "rotation": 90, "texture": "#5"},
				"down": {"uv": [10, 7, 10.5, 9], "texture": "#5"}
			}
		},
		{
			"from": [7, 28.5, 9],
			"to": [9, 30.5, 9.5],
			"faces": {
				"north": {"uv": [9, 7, 11, 9], "texture": "#5"},
				"east": {"uv": [10, 7, 10.5, 9], "texture": "#5"},
				"south": {"uv": [9, 7, 11, 9], "texture": "#5"},
				"west": {"uv": [10, 7, 10.5, 9], "texture": "#5"},
				"up": {"uv": [9, 7, 11, 7.5], "texture": "#5"},
				"down": {"uv": [9, 8, 11, 8.5], "texture": "#5"}
			}
		},
		{
			"from": [7, 30.5, 7],
			"to": [9, 31, 9],
			"faces": {
				"north": {"uv": [9, 7, 11, 7.5], "texture": "#5"},
				"east": {"uv": [9, 7, 11, 7.5], "texture": "#5"},
				"south": {"uv": [9, 8, 11, 8.5], "texture": "#5"},
				"west": {"uv": [9, 8, 11, 8.5], "texture": "#5"},
				"up": {"uv": [9, 7, 11, 9], "texture": "#5"},
				"down": {"uv": [9, 7, 11, 9], "texture": "#5"}
			}
		},
		{
			"from": [9, 28.5, 7],
			"to": [9.5, 30.5, 9],
			"faces": {
				"north": {"uv": [9, 7, 10, 9], "texture": "#5"},
				"east": {"uv": [9, 7, 11, 9], "texture": "#5"},
				"south": {"uv": [9, 7, 10, 9], "texture": "#5"},
				"west": {"uv": [9, 7, 10, 9], "texture": "#5"},
				"up": {"uv": [9, 7, 11, 8], "rotation": 90, "texture": "#5"},
				"down": {"uv": [9, 8, 11, 9], "rotation": 90, "texture": "#5"}
			}
		},
		{
			"from": [7, 28.5, 6.5],
			"to": [9, 30.5, 7],
			"faces": {
				"north": {"uv": [9, 7, 11, 9], "texture": "#5"},
				"east": {"uv": [10, 7, 10.5, 9], "texture": "#5"},
				"south": {"uv": [9, 7, 11, 9], "texture": "#5"},
				"west": {"uv": [9, 7, 9.5, 9], "texture": "#5"},
				"up": {"uv": [9, 7, 11, 7.5], "texture": "#5"},
				"down": {"uv": [9, 8, 11, 8.5], "texture": "#5"}
			}
		},
		{
			"from": [7.375, 0.1875, 7.375],
			"to": [8.625, 1.5, 8.625],
			"faces": {
				"north": {"uv": [0, 0, 16, 16], "texture": "#1"},
				"east": {"uv": [0, 0, 16, 16], "texture": "#1"},
				"south": {"uv": [0, 0, 16, 16], "texture": "#1"},
				"west": {"uv": [0, 0, 16, 16], "texture": "#1"},
				"up": {"uv": [0, 0, 16, 16], "texture": "#1"},
				"down": {"uv": [0, 0, 16, 16], "texture": "#1"}
			}
		},
		{
			"from": [7.8125, 27.5, 10.25],
			"to": [8.1875, 28, 10.6875],
			"rotation": {"angle": -22.5, "axis": "x", "origin": [8, 27.5, 8.5]},
			"faces": {
				"north": {"uv": [0, 0, 16, 16], "rotation": 270, "texture": "#1"},
				"east": {"uv": [0, 0, 16, 16], "rotation": 270, "texture": "#1"},
				"south": {"uv": [0, 0, 16, 16], "rotation": 270, "texture": "#1"},
				"west": {"uv": [0, 0, 16, 16], "rotation": 270, "texture": "#1"},
				"up": {"uv": [0, 0, 16, 16], "rotation": 270, "texture": "#1"},
				"down": {"uv": [0, 0, 16, 16], "rotation": 270, "texture": "#1"}
			}
		},
		{
			"from": [6.6875, 27.375, 7.625],
			"to": [7.6875, 27.875, 8.375],
			"rotation": {"angle": 22.5, "axis": "z", "origin": [7.5, 27.5, 8]},
			"faces": {
				"north": {"uv": [0, 0, 16, 16], "texture": "#1"},
				"east": {"uv": [0, 0, 16, 16], "texture": "#1"},
				"south": {"uv": [0, 0, 16, 16], "texture": "#1"},
				"west": {"uv": [0, 0, 16, 16], "texture": "#1"},
				"up": {"uv": [0, 0, 16, 16], "texture": "#1"},
				"down": {"uv": [0, 0, 16, 16], "texture": "#1"}
			}
		},
		{
			"from": [6, 26.8125, 7.6875],
			"to": [7, 27.3125, 8.3125],
			"rotation": {"angle": -22.5, "axis": "z", "origin": [7.5, 27.5, 8]},
			"faces": {
				"north": {"uv": [0, 0, 16, 16], "texture": "#1"},
				"east": {"uv": [0, 0, 16, 16], "texture": "#1"},
				"south": {"uv": [0, 0, 16, 16], "texture": "#1"},
				"west": {"uv": [0, 0, 16, 16], "texture": "#1"},
				"up": {"uv": [0, 0, 16, 16], "texture": "#1"},
				"down": {"uv": [0, 0, 16, 16], "texture": "#1"}
			}
		},
		{
			"from": [5.9375, 28.0625, 7.75],
			"to": [6.4375, 29.0625, 8.25],
			"rotation": {"angle": 22.5, "axis": "z", "origin": [7.5, 27.5, 8]},
			"faces": {
				"north": {"uv": [0, 0, 16, 16], "rotation": 270, "texture": "#1"},
				"east": {"uv": [0, 0, 16, 16], "rotation": 270, "texture": "#1"},
				"south": {"uv": [0, 0, 16, 16], "rotation": 270, "texture": "#1"},
				"west": {"uv": [0, 0, 16, 16], "rotation": 270, "texture": "#1"},
				"up": {"uv": [0, 0, 16, 16], "rotation": 270, "texture": "#1"},
				"down": {"uv": [0, 0, 16, 16], "rotation": 270, "texture": "#1"}
			}
		},
		{
			"from": [5.3125, 27.5, 7.8125],
			"to": [5.75, 28, 8.1875],
			"rotation": {"angle": -22.5, "axis": "z", "origin": [7.5, 27.5, 8]},
			"faces": {
				"north": {"uv": [0, 0, 16, 16], "rotation": 270, "texture": "#1"},
				"east": {"uv": [0, 0, 16, 16], "rotation": 270, "texture": "#1"},
				"south": {"uv": [0, 0, 16, 16], "rotation": 270, "texture": "#1"},
				"west": {"uv": [0, 0, 16, 16], "rotation": 270, "texture": "#1"},
				"up": {"uv": [0, 0, 16, 16], "rotation": 270, "texture": "#1"},
				"down": {"uv": [0, 0, 16, 16], "rotation": 270, "texture": "#1"}
			}
		},
		{
			"from": [6.04124, 28.77899, 7.8125],
			"to": [6.47874, 29.52899, 8.1875],
			"rotation": {"angle": -45, "axis": "z", "origin": [5.8125, 29.25, 8]},
			"faces": {
				"north": {"uv": [0, 0, 16, 16], "rotation": 270, "texture": "#1"},
				"east": {"uv": [0, 0, 16, 16], "rotation": 270, "texture": "#1"},
				"south": {"uv": [0, 0, 16, 16], "rotation": 270, "texture": "#1"},
				"west": {"uv": [0, 0, 16, 16], "rotation": 270, "texture": "#1"},
				"up": {"uv": [0, 0, 16, 16], "rotation": 270, "texture": "#1"},
				"down": {"uv": [0, 0, 16, 16], "rotation": 270, "texture": "#1"}
			}
		},
		{
			"from": [6.10374, 28.96649, 7.8125],
			"to": [6.54124, 29.52899, 8.1875],
			"rotation": {"angle": 0, "axis": "z", "origin": [5.8125, 29.25, 8]},
			"faces": {
				"north": {"uv": [0, 0, 16, 16], "rotation": 270, "texture": "#1"},
				"east": {"uv": [0, 0, 16, 16], "rotation": 270, "texture": "#1"},
				"south": {"uv": [0, 0, 16, 16], "rotation": 270, "texture": "#1"},
				"west": {"uv": [0, 0, 16, 16], "rotation": 270, "texture": "#1"},
				"up": {"uv": [0, 0, 16, 16], "rotation": 270, "texture": "#1"},
				"down": {"uv": [0, 0, 16, 16], "rotation": 270, "texture": "#1"}
			}
		},
		{
			"from": [6.22874, 28.96649, 7.875],
			"to": [6.54124, 29.46649, 8.125],
			"rotation": {"angle": 45, "axis": "z", "origin": [5.8125, 29.25, 8]},
			"faces": {
				"north": {"uv": [0, 0, 16, 16], "rotation": 270, "texture": "#1"},
				"east": {"uv": [0, 0, 16, 16], "rotation": 270, "texture": "#1"},
				"south": {"uv": [0, 0, 16, 16], "rotation": 270, "texture": "#1"},
				"west": {"uv": [0, 0, 16, 16], "rotation": 270, "texture": "#1"},
				"up": {"uv": [0, 0, 16, 16], "rotation": 270, "texture": "#1"},
				"down": {"uv": [0, 0, 16, 16], "rotation": 270, "texture": "#1"}
			}
		},
		{
			"from": [5.84601, 29.66624, 7.9375],
			"to": [6.15851, 29.91624, 8.0625],
			"rotation": {"angle": 0, "axis": "z", "origin": [5.8125, 29.25, 8]},
			"faces": {
				"north": {"uv": [0, 0, 16, 16], "texture": "#1"},
				"east": {"uv": [0, 0, 16, 16], "texture": "#1"},
				"south": {"uv": [0, 0, 16, 16], "texture": "#1"},
				"west": {"uv": [0, 0, 16, 16], "texture": "#1"},
				"up": {"uv": [0, 0, 16, 16], "texture": "#1"},
				"down": {"uv": [0, 0, 16, 16], "texture": "#1"}
			}
		},
		{
			"from": [7.6875, 26.8125, 9],
			"to": [8.3125, 27.3125, 10],
			"rotation": {"angle": -22.5, "axis": "x", "origin": [8, 27.5, 8.5]},
			"faces": {
				"north": {"uv": [0, 0, 16, 16], "texture": "#1"},
				"east": {"uv": [0, 0, 16, 16], "texture": "#1"},
				"south": {"uv": [0, 0, 16, 16], "texture": "#1"},
				"west": {"uv": [0, 0, 16, 16], "texture": "#1"},
				"up": {"uv": [0, 0, 16, 16], "texture": "#1"},
				"down": {"uv": [0, 0, 16, 16], "texture": "#1"}
			}
		},
		{
			"from": [7.75, 28.0625, 9.5625],
			"to": [8.25, 29.0625, 10.0625],
			"rotation": {"angle": 22.5, "axis": "x", "origin": [8, 27.5, 8.5]},
			"faces": {
				"north": {"uv": [0, 0, 16, 16], "rotation": 270, "texture": "#1"},
				"east": {"uv": [0, 0, 16, 16], "rotation": 270, "texture": "#1"},
				"south": {"uv": [0, 0, 16, 16], "rotation": 270, "texture": "#1"},
				"west": {"uv": [0, 0, 16, 16], "rotation": 270, "texture": "#1"},
				"up": {"uv": [0, 0, 16, 16], "rotation": 270, "texture": "#1"},
				"down": {"uv": [0, 0, 16, 16], "rotation": 270, "texture": "#1"}
			}
		},
		{
			"from": [7.8125, 28.77899, 9.52126],
			"to": [8.1875, 29.52899, 9.95876],
			"rotation": {"angle": -45, "axis": "x", "origin": [8, 29.25, 10.1875]},
			"faces": {
				"north": {"uv": [0, 0, 16, 16], "rotation": 270, "texture": "#1"},
				"east": {"uv": [0, 0, 16, 16], "rotation": 270, "texture": "#1"},
				"south": {"uv": [0, 0, 16, 16], "rotation": 270, "texture": "#1"},
				"west": {"uv": [0, 0, 16, 16], "rotation": 270, "texture": "#1"},
				"up": {"uv": [0, 0, 16, 16], "rotation": 270, "texture": "#1"},
				"down": {"uv": [0, 0, 16, 16], "rotation": 270, "texture": "#1"}
			}
		},
		{
			"from": [7.8125, 28.96649, 9.45876],
			"to": [8.1875, 29.52899, 9.89626],
			"rotation": {"angle": 0, "axis": "z", "origin": [8, 29.25, 10.1875]},
			"faces": {
				"north": {"uv": [0, 0, 16, 16], "rotation": 270, "texture": "#1"},
				"east": {"uv": [0, 0, 16, 16], "rotation": 270, "texture": "#1"},
				"south": {"uv": [0, 0, 16, 16], "rotation": 270, "texture": "#1"},
				"west": {"uv": [0, 0, 16, 16], "rotation": 270, "texture": "#1"},
				"up": {"uv": [0, 0, 16, 16], "rotation": 270, "texture": "#1"},
				"down": {"uv": [0, 0, 16, 16], "rotation": 270, "texture": "#1"}
			}
		},
		{
			"from": [7.9375, 29.66624, 9.84149],
			"to": [8.0625, 29.91624, 10.15399],
			"rotation": {"angle": 0, "axis": "z", "origin": [8, 29.25, 10.1875]},
			"faces": {
				"north": {"uv": [0, 0, 16, 16], "texture": "#1"},
				"east": {"uv": [0, 0, 16, 16], "texture": "#1"},
				"south": {"uv": [0, 0, 16, 16], "texture": "#1"},
				"west": {"uv": [0, 0, 16, 16], "texture": "#1"},
				"up": {"uv": [0, 0, 16, 16], "texture": "#1"},
				"down": {"uv": [0, 0, 16, 16], "texture": "#1"}
			}
		},
		{
			"from": [7.875, 28.96649, 9.45876],
			"to": [8.125, 29.46649, 9.77126],
			"rotation": {"angle": 45, "axis": "x", "origin": [8, 29.25, 10.1875]},
			"faces": {
				"north": {"uv": [0, 0, 16, 16], "rotation": 270, "texture": "#1"},
				"east": {"uv": [0, 0, 16, 16], "rotation": 270, "texture": "#1"},
				"south": {"uv": [0, 0, 16, 16], "rotation": 270, "texture": "#1"},
				"west": {"uv": [0, 0, 16, 16], "rotation": 270, "texture": "#1"},
				"up": {"uv": [0, 0, 16, 16], "rotation": 270, "texture": "#1"},
				"down": {"uv": [0, 0, 16, 16], "rotation": 270, "texture": "#1"}
			}
		},
		{
			"from": [7.625, 27.375, 8.3125],
			"to": [8.375, 27.875, 9.3125],
			"rotation": {"angle": 22.5, "axis": "x", "origin": [8, 27.5, 8.5]},
			"faces": {
				"north": {"uv": [0, 0, 16, 16], "texture": "#1"},
				"east": {"uv": [0, 0, 16, 16], "texture": "#1"},
				"south": {"uv": [0, 0, 16, 16], "texture": "#1"},
				"west": {"uv": [0, 0, 16, 16], "texture": "#1"},
				"up": {"uv": [0, 0, 16, 16], "texture": "#1"},
				"down": {"uv": [0, 0, 16, 16], "texture": "#1"}
			}
		},
		{
			"from": [9.84149, 29.66624, 7.9375],
			"to": [10.15399, 29.91624, 8.0625],
			"rotation": {"angle": 0, "axis": "z", "origin": [10.1875, 29.25, 8]},
			"faces": {
				"north": {"uv": [0, 0, 16, 16], "texture": "#1"},
				"east": {"uv": [0, 0, 16, 16], "texture": "#1"},
				"south": {"uv": [0, 0, 16, 16], "texture": "#1"},
				"west": {"uv": [0, 0, 16, 16], "texture": "#1"},
				"up": {"uv": [0, 0, 16, 16], "texture": "#1"},
				"down": {"uv": [0, 0, 16, 16], "texture": "#1"}
			}
		},
		{
			"from": [8.3125, 27.375, 7.625],
			"to": [9.3125, 27.875, 8.375],
			"rotation": {"angle": -22.5, "axis": "z", "origin": [8.5, 27.5, 8]},
			"faces": {
				"north": {"uv": [0, 0, 16, 16], "texture": "#1"},
				"east": {"uv": [0, 0, 16, 16], "texture": "#1"},
				"south": {"uv": [0, 0, 16, 16], "texture": "#1"},
				"west": {"uv": [0, 0, 16, 16], "texture": "#1"},
				"up": {"uv": [0, 0, 16, 16], "texture": "#1"},
				"down": {"uv": [0, 0, 16, 16], "texture": "#1"}
			}
		},
		{
			"from": [9, 26.8125, 7.6875],
			"to": [10, 27.3125, 8.3125],
			"rotation": {"angle": 22.5, "axis": "z", "origin": [8.5, 27.5, 8]},
			"faces": {
				"north": {"uv": [0, 0, 16, 16], "texture": "#1"},
				"east": {"uv": [0, 0, 16, 16], "texture": "#1"},
				"south": {"uv": [0, 0, 16, 16], "texture": "#1"},
				"west": {"uv": [0, 0, 16, 16], "texture": "#1"},
				"up": {"uv": [0, 0, 16, 16], "texture": "#1"},
				"down": {"uv": [0, 0, 16, 16], "texture": "#1"}
			}
		},
		{
			"from": [9.5625, 28.0625, 7.75],
			"to": [10.0625, 29.0625, 8.25],
			"rotation": {"angle": -22.5, "axis": "z", "origin": [8.5, 27.5, 8]},
			"faces": {
				"north": {"uv": [0, 0, 16, 16], "rotation": 270, "texture": "#1"},
				"east": {"uv": [0, 0, 16, 16], "rotation": 270, "texture": "#1"},
				"south": {"uv": [0, 0, 16, 16], "rotation": 270, "texture": "#1"},
				"west": {"uv": [0, 0, 16, 16], "rotation": 270, "texture": "#1"},
				"up": {"uv": [0, 0, 16, 16], "rotation": 270, "texture": "#1"},
				"down": {"uv": [0, 0, 16, 16], "rotation": 270, "texture": "#1"}
			}
		},
		{
			"from": [10.25, 27.5, 7.8125],
			"to": [10.6875, 28, 8.1875],
			"rotation": {"angle": 22.5, "axis": "z", "origin": [8.5, 27.5, 8]},
			"faces": {
				"north": {"uv": [0, 0, 16, 16], "rotation": 270, "texture": "#1"},
				"east": {"uv": [0, 0, 16, 16], "rotation": 270, "texture": "#1"},
				"south": {"uv": [0, 0, 16, 16], "rotation": 270, "texture": "#1"},
				"west": {"uv": [0, 0, 16, 16], "rotation": 270, "texture": "#1"},
				"up": {"uv": [0, 0, 16, 16], "rotation": 270, "texture": "#1"},
				"down": {"uv": [0, 0, 16, 16], "rotation": 270, "texture": "#1"}
			}
		},
		{
			"from": [9.52126, 28.77899, 7.8125],
			"to": [9.95876, 29.52899, 8.1875],
			"rotation": {"angle": 45, "axis": "z", "origin": [10.1875, 29.25, 8]},
			"faces": {
				"north": {"uv": [0, 0, 16, 16], "rotation": 270, "texture": "#1"},
				"east": {"uv": [0, 0, 16, 16], "rotation": 270, "texture": "#1"},
				"south": {"uv": [0, 0, 16, 16], "rotation": 270, "texture": "#1"},
				"west": {"uv": [0, 0, 16, 16], "rotation": 270, "texture": "#1"},
				"up": {"uv": [0, 0, 16, 16], "rotation": 270, "texture": "#1"},
				"down": {"uv": [0, 0, 16, 16], "rotation": 270, "texture": "#1"}
			}
		},
		{
			"from": [9.45876, 28.96649, 7.8125],
			"to": [9.89626, 29.52899, 8.1875],
			"rotation": {"angle": 0, "axis": "z", "origin": [10.1875, 29.25, 8]},
			"faces": {
				"north": {"uv": [0, 0, 16, 16], "rotation": 270, "texture": "#1"},
				"east": {"uv": [0, 0, 16, 16], "rotation": 270, "texture": "#1"},
				"south": {"uv": [0, 0, 16, 16], "rotation": 270, "texture": "#1"},
				"west": {"uv": [0, 0, 16, 16], "rotation": 270, "texture": "#1"},
				"up": {"uv": [0, 0, 16, 16], "rotation": 270, "texture": "#1"},
				"down": {"uv": [0, 0, 16, 16], "rotation": 270, "texture": "#1"}
			}
		},
		{
			"from": [9.45876, 28.96649, 7.875],
			"to": [9.77126, 29.46649, 8.125],
			"rotation": {"angle": -45, "axis": "z", "origin": [10.1875, 29.25, 8]},
			"faces": {
				"north": {"uv": [0, 0, 16, 16], "rotation": 270, "texture": "#1"},
				"east": {"uv": [0, 0, 16, 16], "rotation": 270, "texture": "#1"},
				"south": {"uv": [0, 0, 16, 16], "rotation": 270, "texture": "#1"},
				"west": {"uv": [0, 0, 16, 16], "rotation": 270, "texture": "#1"},
				"up": {"uv": [0, 0, 16, 16], "rotation": 270, "texture": "#1"},
				"down": {"uv": [0, 0, 16, 16], "rotation": 270, "texture": "#1"}
			}
		},
		{
			"from": [7.9375, 29.66624, 5.84601],
			"to": [8.0625, 29.91624, 6.15851],
			"rotation": {"angle": 0, "axis": "z", "origin": [8, 29.25, 5.8125]},
			"faces": {
				"north": {"uv": [0, 0, 16, 16], "texture": "#1"},
				"east": {"uv": [0, 0, 16, 16], "texture": "#1"},
				"south": {"uv": [0, 0, 16, 16], "texture": "#1"},
				"west": {"uv": [0, 0, 16, 16], "texture": "#1"},
				"up": {"uv": [0, 0, 16, 16], "texture": "#1"},
				"down": {"uv": [0, 0, 16, 16], "texture": "#1"}
			}
		},
		{
			"from": [7.875, 28.96649, 6.22874],
			"to": [8.125, 29.46649, 6.54124],
			"rotation": {"angle": -45, "axis": "x", "origin": [8, 29.25, 5.8125]},
			"faces": {
				"north": {"uv": [0, 0, 16, 16], "rotation": 270, "texture": "#1"},
				"east": {"uv": [0, 0, 16, 16], "rotation": 270, "texture": "#1"},
				"south": {"uv": [0, 0, 16, 16], "rotation": 270, "texture": "#1"},
				"west": {"uv": [0, 0, 16, 16], "rotation": 270, "texture": "#1"},
				"up": {"uv": [0, 0, 16, 16], "rotation": 270, "texture": "#1"},
				"down": {"uv": [0, 0, 16, 16], "rotation": 270, "texture": "#1"}
			}
		},
		{
			"from": [7.625, 27.375, 6.6875],
			"to": [8.375, 27.875, 7.6875],
			"rotation": {"angle": -22.5, "axis": "x", "origin": [8, 27.5, 7.5]},
			"faces": {
				"north": {"uv": [0, 0, 16, 16], "texture": "#1"},
				"east": {"uv": [0, 0, 16, 16], "texture": "#1"},
				"south": {"uv": [0, 0, 16, 16], "texture": "#1"},
				"west": {"uv": [0, 0, 16, 16], "texture": "#1"},
				"up": {"uv": [0, 0, 16, 16], "texture": "#1"},
				"down": {"uv": [0, 0, 16, 16], "texture": "#1"}
			}
		},
		{
			"from": [7.6875, 26.8125, 6],
			"to": [8.3125, 27.3125, 7],
			"rotation": {"angle": 22.5, "axis": "x", "origin": [8, 27.5, 7.5]},
			"faces": {
				"north": {"uv": [0, 0, 16, 16], "texture": "#1"},
				"east": {"uv": [0, 0, 16, 16], "texture": "#1"},
				"south": {"uv": [0, 0, 16, 16], "texture": "#1"},
				"west": {"uv": [0, 0, 16, 16], "texture": "#1"},
				"up": {"uv": [0, 0, 16, 16], "texture": "#1"},
				"down": {"uv": [0, 0, 16, 16], "texture": "#1"}
			}
		},
		{
			"from": [7.75, 28.0625, 5.9375],
			"to": [8.25, 29.0625, 6.4375],
			"rotation": {"angle": -22.5, "axis": "x", "origin": [8, 27.5, 7.5]},
			"faces": {
				"north": {"uv": [0, 0, 16, 16], "rotation": 270, "texture": "#1"},
				"east": {"uv": [0, 0, 16, 16], "rotation": 270, "texture": "#1"},
				"south": {"uv": [0, 0, 16, 16], "rotation": 270, "texture": "#1"},
				"west": {"uv": [0, 0, 16, 16], "rotation": 270, "texture": "#1"},
				"up": {"uv": [0, 0, 16, 16], "rotation": 270, "texture": "#1"},
				"down": {"uv": [0, 0, 16, 16], "rotation": 270, "texture": "#1"}
			}
		},
		{
			"from": [7.8125, 28.96649, 6.10374],
			"to": [8.1875, 29.52899, 6.54124],
			"rotation": {"angle": 0, "axis": "z", "origin": [8, 29.25, 5.8125]},
			"faces": {
				"north": {"uv": [0, 0, 16, 16], "rotation": 270, "texture": "#1"},
				"east": {"uv": [0, 0, 16, 16], "rotation": 270, "texture": "#1"},
				"south": {"uv": [0, 0, 16, 16], "rotation": 270, "texture": "#1"},
				"west": {"uv": [0, 0, 16, 16], "rotation": 270, "texture": "#1"},
				"up": {"uv": [0, 0, 16, 16], "rotation": 270, "texture": "#1"},
				"down": {"uv": [0, 0, 16, 16], "rotation": 270, "texture": "#1"}
			}
		},
		{
			"from": [7.8125, 28.77899, 6.04124],
			"to": [8.1875, 29.52899, 6.47874],
			"rotation": {"angle": 45, "axis": "x", "origin": [8, 29.25, 5.8125]},
			"faces": {
				"north": {"uv": [0, 0, 16, 16], "rotation": 270, "texture": "#1"},
				"east": {"uv": [0, 0, 16, 16], "rotation": 270, "texture": "#1"},
				"south": {"uv": [0, 0, 16, 16], "rotation": 270, "texture": "#1"},
				"west": {"uv": [0, 0, 16, 16], "rotation": 270, "texture": "#1"},
				"up": {"uv": [0, 0, 16, 16], "rotation": 270, "texture": "#1"},
				"down": {"uv": [0, 0, 16, 16], "rotation": 270, "texture": "#1"}
			}
		},
		{
			"from": [7.5, 17, 7.5],
			"to": [8.5, 18.0625, 8.5],
			"faces": {
				"north": {"uv": [0, 0, 6, 16], "texture": "#2"},
				"east": {"uv": [0, 0, 6, 16], "texture": "#2"},
				"south": {"uv": [0, 0, 6, 16], "texture": "#2"},
				"west": {"uv": [0, 0, 6, 16], "texture": "#2"},
				"up": {"uv": [0, 0, 6, 16], "texture": "#2"},
				"down": {"uv": [0, 0, 6, 16], "texture": "#2"}
			}
		},
		{
			"from": [7.5, 13.5, 7.5],
			"to": [8.5, 17.0625, 8.5],
			"faces": {
				"north": {"uv": [0, 0, 6, 16], "texture": "#2"},
				"east": {"uv": [0, 0, 6, 16], "texture": "#2"},
				"south": {"uv": [0, 0, 6, 16], "texture": "#2"},
				"west": {"uv": [0, 0, 6, 16], "texture": "#2"},
				"up": {"uv": [0, 0, 6, 16], "texture": "#2"},
				"down": {"uv": [0, 0, 6, 16], "texture": "#2"}
			}
		},
		{
			"from": [7.5, 1.5, 7.5],
			"to": [8.5, 13.5625, 8.5],
			"faces": {
				"north": {"uv": [0, 0, 6, 16], "texture": "#2"},
				"east": {"uv": [0, 0, 6, 16], "texture": "#2"},
				"south": {"uv": [0, 0, 6, 16], "texture": "#2"},
				"west": {"uv": [0, 0, 6, 16], "texture": "#2"},
				"up": {"uv": [0, 0, 6, 16], "texture": "#2"},
				"down": {"uv": [0, 0, 6, 16], "texture": "#2"}
			}
		},
		{
			"from": [7.5, 25.1875, 7.5],
			"to": [8.5, 28, 8.5],
			"faces": {
				"north": {"uv": [0, 0, 6, 16], "texture": "#2"},
				"east": {"uv": [0, 0, 6, 16], "texture": "#2"},
				"south": {"uv": [0, 0, 6, 16], "texture": "#2"},
				"west": {"uv": [0, 0, 6, 16], "texture": "#2"},
				"up": {"uv": [0, 0, 6, 16], "texture": "#2"},
				"down": {"uv": [0, 0, 6, 16], "texture": "#2"}
			}
		},
		{
			"from": [7.5, 17.625, 7.4375],
			"to": [8.5, 21.875, 8.4375],
			"rotation": {"angle": -22.5, "axis": "x", "origin": [8, 18, 7.5]},
			"faces": {
				"north": {"uv": [0, 0, 6, 16], "texture": "#2"},
				"east": {"uv": [0, 0, 6, 16], "texture": "#2"},
				"south": {"uv": [0, 0, 6, 16], "texture": "#2"},
				"west": {"uv": [0, 0, 6, 16], "texture": "#2"},
				"up": {"uv": [0, 0, 6, 16], "texture": "#2"},
				"down": {"uv": [0, 0, 6, 16], "texture": "#2"}
			}
		},
		{
			"from": [7.5, 20.75, 4.6875],
			"to": [8.5, 25, 5.6875],
			"rotation": {"angle": 22.5, "axis": "x", "origin": [8, 18, 7.5]},
			"faces": {
				"north": {"uv": [0, 0, 6, 16], "texture": "#2"},
				"east": {"uv": [0, 0, 6, 16], "texture": "#2"},
				"south": {"uv": [0, 0, 6, 16], "texture": "#2"},
				"west": {"uv": [0, 0, 6, 16], "texture": "#2"},
				"up": {"uv": [0, 0, 6, 16], "texture": "#2"},
				"down": {"uv": [0, 0, 6, 16], "texture": "#2"}
			}
		}
	],
	"display": {
		"thirdperson_righthand": {
			"translation": [-0.5, -8.75, 0.75]
		},
		"thirdperson_lefthand": {
			"translation": [-0.5, -8.75, 0.75]
		},
		"firstperson_righthand": {
			"translation": [2.75, -7.25, -0.75]
		},
		"firstperson_lefthand": {
			"translation": [2.75, -7.25, -0.75]
		},
		"ground": {
			"translation": [0, 6, 0]
		},
		"gui": {
			"rotation": [-39, 163, 37],
			"translation": [-3, -3.5, -0.25],
			"scale": [0.6, 0.6, 0.6]
		},
		"fixed": {
			"rotation": [0, 0, 39],
			"translation": [3.75, -3.5, -0.25],
			"scale": [0.6, 0.6, 0.6]
		}
	},
	"groups": [0, 1,
		{
			"name": "group",
			"origin": [0, 0, 0],
			"children": [2, 3, 4, 5, 6, 7]
		},
		{
			"name": "group",
			"origin": [8, 29.25, 5.8125],
			"children": [8, 9, 10, 11, 12, 13, 14, 15, 16, 17, 18, 19, 20, 21, 22, 23, 24, 25, 26, 27, 28, 29, 30, 31, 32, 33, 34, 35, 36, 37, 38, 39]
		},
		{
			"name": "group",
			"origin": [8, 18, 7.5],
			"children": [40, 41, 42, 43, 44, 45]
		}
	]
}