{
    "parent": "item/generated",
    "textures": {
        "layer0": "item/leather_chestplate",
        "layer1": "item/leather_chestplate_overlay"
    },

    "overrides": [
      { "predicate": {"custom_model_data": 2012}, "model": "item/rycerz_chestplate"},
      { "predicate": {"custom_model_data": 2029}, "model": "item/farmer_chestplate"},
      { "predicate": {"custom_model_data": 2030}, "model": "item/wither_chestplate"},
      { "predicate": {"custom_model_data": 2031}, "model": "item/najman_chestplate"},
      { "predicate": {"custom_model_data": 2032}, "model": "item/emerald_chestplate"},
      { "predicate": {"custom_model_data": 2033}, "model": "item/villager_chestplate"},
      { "predicate": {"custom_model_data": 2034}, "model": "item/redstone_chestplate"},
      { "predicate": {"custom_model_data": 2035}, "model": "item/rudy_chestplate"},
      { "predicate": {"custom_model_data": 2036}, "model": "item/enderman_chestplate"},
      { "predicate": {"custom_model_data": 2037}, "model": "item/kowal_chestplate"},
      { "predicate": {"custom_model_data": 2038}, "model": "item/gornik_chestplate"},
      { "predicate": {"custom_model_data": 2056}, "model": "item/kubus_chestplate"},
      { "predicate": {"custom_model_data": 2060}, "model": "item/menel_chestplate"},
      { "predicate": {"custom_model_data": 2064}, "model": "item/ninja_chestplate"},
      { "predicate": {"custom_model_data": 2068}, "model": "item/ponczek_chestplate"},
      { "predicate": {"custom_model_data": 2072}, "model": "item/bread_chestplate"},
      { "predicate": {"custom_model_data": 2076}, "model": "item/mag_chestplate"},
      { "predicate": {"custom_model_data": 2083}, "model": "item/platyna_chestplate"},
      { "predicate": {"custom_model_data": 2087}, "model": "item/szaleniec_chestplate"},
      { "predicate": {"custom_model_data": 2091}, "model": "item/czarnydiament_chestplate"}
    
     ]
}
